codigo,denominacion,cuit,cond_fiscal,limite_cta_cte,telefono,email,direccion
C001,Taller Mecánico El Rulo,20-28456789-8,MONOTRIBUTO,500000,0341-155667788,elrulo@gmail.com,"Av. San Martín 2340, Rosario"
C002,Transporte La Veloz SA,30-71233445-9,RESPONSABLE_INSCRIPTO,3000000,0341-4780099,compras@laveloz.com.ar,"Ruta 9 Km 312, Roldán"
C003,Rectificadora San Martín,27-32118844-9,RESPONSABLE_INSCRIPTO,1200000,0341-4551133,rectisanmartin@hotmail.com,"Mendoza 1870, Rosario"
C004,Gomería y Repuestos Norte,23-30999111-7,MONOTRIBUTO,400000,0341-156443322,,"Av. Alberdi 990, Rosario"
C005,García Marcelo,,CONSUMIDOR_FINAL,0,0341-153998877,,
C006,Consumidor Final,,CONSUMIDOR_FINAL,0,,,
C1000,Transporte Ríos SA,33-69010892-0,RESPONSABLE_INSCRIPTO,1000000,0341-4667488,compras@transportero.com.ar,
C1001,Herrera Patricia,,CONSUMIDOR_FINAL,0,0341-4546249,,
C1002,Logística Álvarez SA,33-86041658-7,RESPONSABLE_INSCRIPTO,1500000,0341-4306129,compras@logsticalvar.com.ar,"Mendoza 3063, San Nicolás"
C1003,Lubricentro Oeste,20-42865165-1,MONOTRIBUTO,500000,0341-4462438,lubricentrooes@gmail.com,"Córdoba 2184, San Nicolás"
C1004,Gomería Sosa,23-52074428-2,MONOTRIBUTO,500000,0341-154290235,gomerasosa@gmail.com,"Bv. Oroño 3055, Roldán"
C1005,Taller López Hnos,27-22555787-5,MONOTRIBUTO,400000,0341-4135768,tallerlpezhnos@gmail.com,
C1006,Romero Ricardo,,CONSUMIDOR_FINAL,0,,,
C1007,Transporte Torres SA,33-79613792-9,RESPONSABLE_INSCRIPTO,3000000,0341-4584950,compras@transporteto.com.ar,"Av. San Martín 3091, Cañada de Gómez"
C1008,Correa Fernando,,CONSUMIDOR_FINAL,0,0341-155433809,,
C1009,Taller Mecánico Ortiz,27-47523682-9,MONOTRIBUTO,800000,0341-153127745,tallermecnicoo@gmail.com,"Rioja 1050, Pérez"
C1010,Silva Matías,,CONSUMIDOR_FINAL,0,0341-156727537,,"Av. Francia 3266, Pergamino"
C1011,Agropecuaria Norte SA,30-87937372-3,RESPONSABLE_INSCRIPTO,2000000,0341-4849944,compras@agropecuaria.com.ar,
C1012,Benítez Juan,23-66402402-0,MONOTRIBUTO,400000,0341-154854986,bentezjuan@gmail.com,
C1013,Lubricentro Funes,20-94913083-6,MONOTRIBUTO,200000,,lubricentrofun@gmail.com,"Av. San Martín 4249, San Nicolás"
C1014,Lubricentro Pergamino,23-51418636-7,MONOTRIBUTO,800000,0341-4708093,lubricentroper@gmail.com,"Av. Provincias Unidas 2483, Rosario"
C1015,Luna Fernando,,CONSUMIDOR_FINAL,0,0341-4441712,,"Av. Provincias Unidas 2133, San Nicolás"
C1016,Casa Gómez Automotores SRL,30-20408172-3,RESPONSABLE_INSCRIPTO,1000000,0341-4286373,compras@casagmezauto.com.ar,
C1017,Domínguez María,,CONSUMIDOR_FINAL,0,0341-4369376,,"Córdoba 4219, Casilda"
C1018,Ramírez Mónica,,CONSUMIDOR_FINAL,0,0341-4849192,,"Tucumán 3737, Villa Gobernador Gálvez"
C1019,Molina Rubén,,CONSUMIDOR_FINAL,0,,,
C1020,Taller Acosta Hnos,20-92969901-8,MONOTRIBUTO,400000,0341-4359585,talleracostahn@gmail.com,"San Juan 1854, Roldán"
C1021,Peralta Pablo,,CONSUMIDOR_FINAL,0,0341-4712917,,
C1022,Álvarez María,27-88697522-3,MONOTRIBUTO,300000,0341-155404863,,"San Juan 4106, San Lorenzo"
C1023,Gomería Ponce,23-20352472-2,MONOTRIBUTO,300000,0341-153245938,gomeraponce@gmail.com,
C1024,Casa López Automotores SRL,30-20408510-9,RESPONSABLE_INSCRIPTO,2000000,0341-4388209,compras@casalpezauto.com.ar,"Bv. Oroño 1940, Funes"
C1025,Logística López SA,30-45324981-2,RESPONSABLE_INSCRIPTO,5000000,0341-4000919,compras@logsticalpez.com.ar,"Córdoba 2440, San Nicolás"
C1026,Gomería Núñez,23-66505153-6,MONOTRIBUTO,200000,0341-4821072,gomeranez@gmail.com,"Av. Francia 3546, Cañada de Gómez"
C1027,Casa Núñez Automotores SRL,33-30301736-9,RESPONSABLE_INSCRIPTO,5000000,0341-4058013,,"Ovidio Lagos 722, Cañada de Gómez"
C1028,Ponce Andrés,,CONSUMIDOR_FINAL,0,0341-154747389,,"Av. Pellegrini 3258, Rosario"
C1029,Lubricentro Oeste,20-38088233-8,MONOTRIBUTO,500000,,,
C1030,Transportes del Centro SRL,33-21335257-7,RESPONSABLE_INSCRIPTO,2000000,0341-153770357,compras@transportesd.com.ar,"Av. Pellegrini 2163, Villa Gobernador Gálvez"
C1031,Taller Mecánico Luna,20-99556767-9,MONOTRIBUTO,500000,0341-4851813,tallermecnicol@gmail.com,"Salta 1986, Villa Gobernador Gálvez"
C1032,Giménez Fernando,,CONSUMIDOR_FINAL,0,,,
C1033,Lubricentro del Sur,20-45257441-2,MONOTRIBUTO,300000,0341-154764406,lubricentrodel@gmail.com,"Salta 2897, Funes"
C1034,Agropecuaria Funes SA,30-66306205-7,RESPONSABLE_INSCRIPTO,5000000,0341-4194724,compras@agropecuaria.com.ar,"Av. Francia 4031, San Lorenzo"
C1035,Rodríguez Beatriz,27-35946645-0,MONOTRIBUTO,500000,,,"Mendoza 2870, San Nicolás"
C1036,Castro Diego,,CONSUMIDOR_FINAL,0,0341-4267998,,"Av. Alberdi 3549, Cañada de Gómez"
C1037,Romero Martín,,CONSUMIDOR_FINAL,0,0341-4111393,,"Av. San Martín 632, San Lorenzo"
C1038,Taller Herrera Hnos,23-21182737-8,MONOTRIBUTO,200000,,,"Rioja 4291, Pérez"
C1039,Transporte Sosa SA,30-68354046-9,RESPONSABLE_INSCRIPTO,2000000,0341-4441051,compras@transporteso.com.ar,"Santa Fe 783, Villa Gobernador Gálvez"
C1040,Agropecuaria Funes SA,30-19541999-6,RESPONSABLE_INSCRIPTO,5000000,0341-4112509,compras@agropecuaria.com.ar,"Córdoba 2612, Pergamino"
C1041,Transportes Roldán SRL,33-61182781-9,RESPONSABLE_INSCRIPTO,5000000,0341-156737322,compras@transportesr.com.ar,
C1042,Taller Benítez Hnos,20-93182356-7,MONOTRIBUTO,400000,0341-154165064,tallerbentezhn@gmail.com,
C1043,Logística Sánchez SA,30-89131498-8,RESPONSABLE_INSCRIPTO,5000000,0341-153349360,,"Salta 2947, San Lorenzo"
C1044,Gomería Godoy,23-19848278-1,MONOTRIBUTO,800000,0341-4645979,,
C1045,Taller Godoy Hnos,27-95442429-9,MONOTRIBUTO,800000,0341-154405484,tallergodoyhno@gmail.com,"Tucumán 3107, Villa Gobernador Gálvez"
C1046,Rectificadora Roldán,33-24475984-5,RESPONSABLE_INSCRIPTO,2000000,0341-4052725,,"Ovidio Lagos 1860, Rosario"
C1047,Taller Mecánico Correa,23-56845453-7,MONOTRIBUTO,200000,0341-153180631,tallermecnicoc@gmail.com,"27 de Febrero 2509, Roldán"
C1048,Transportes Cañada de Gómez SRL,33-45312757-0,RESPONSABLE_INSCRIPTO,1500000,0341-155707319,,"27 de Febrero 4404, San Lorenzo"
C1049,Gómez Carla,,CONSUMIDOR_FINAL,0,0341-4532747,,"Córdoba 1415, San Lorenzo"
C1050,Transporte Álvarez SA,33-32847946-5,RESPONSABLE_INSCRIPTO,1000000,0341-4085049,compras@transportelv.com.ar,"Tucumán 1798, Casilda"
C1051,Moreno Facundo,,CONSUMIDOR_FINAL,0,0341-154129176,,
C1052,Agropecuaria Villa Constitución SA,33-56010644-6,RESPONSABLE_INSCRIPTO,1000000,0341-4220616,,"Salta 2081, Funes"
C1053,Distribuidora Sánchez SRL,30-80861912-8,RESPONSABLE_INSCRIPTO,3000000,0341-4255890,compras@distribuidor.com.ar,"Av. Pellegrini 835, San Nicolás"
C1054,Taller Medina Hnos,20-84854307-2,MONOTRIBUTO,200000,0341-4379783,tallermedinahn@gmail.com,
C1055,Gomería Romero,23-24734490-9,MONOTRIBUTO,800000,0341-4663556,gomeraromero@gmail.com,"Mendoza 1206, Roldán"
C1056,López Raúl,,CONSUMIDOR_FINAL,0,0341-155633013,,"San Juan 792, Rosario"
C1057,Agropecuaria Casilda SA,30-21587355-9,RESPONSABLE_INSCRIPTO,2000000,0341-155790655,,"Córdoba 1781, Villa Gobernador Gálvez"
C1058,Transportes Casilda SRL,30-21677614-9,RESPONSABLE_INSCRIPTO,2000000,0341-4747613,compras@transportesc.com.ar,"Tucumán 2147, Casilda"
C1059,Fernández Cecilia,,CONSUMIDOR_FINAL,0,0341-4661308,,"Córdoba 810, Rosario"
C1060,Luna Lucas,,CONSUMIDOR_FINAL,0,0341-4047409,,"Salta 1977, Rosario"
C1061,Casa Ríos Automotores SRL,30-40732114-2,RESPONSABLE_INSCRIPTO,1000000,0341-4258112,compras@casarosautom.com.ar,
C1062,Martínez Cecilia,,CONSUMIDOR_FINAL,0,0341-153426259,,"27 de Febrero 1895, San Nicolás"
C1063,Casa Vega Automotores SRL,33-83247486-5,RESPONSABLE_INSCRIPTO,1500000,0341-155908508,compras@casavegaauto.com.ar,"Av. Francia 1814, Funes"
C1064,Gómez Ricardo,,CONSUMIDOR_FINAL,0,0341-156290964,,"Av. San Martín 4849, Villa Gobernador Gálvez"
C1065,Pérez Néstor,,CONSUMIDOR_FINAL,0,0341-4133929,,
C1066,Casa López Automotores SRL,33-60090503-7,RESPONSABLE_INSCRIPTO,5000000,0341-4089834,,"Av. San Martín 847, San Nicolás"
C1067,Lubricentro San Nicolás,20-78679643-2,MONOTRIBUTO,300000,0341-4074327,lubricentrosan@gmail.com,"Av. San Martín 4251, San Lorenzo"
C1068,Gomería Rodríguez,23-97660479-2,MONOTRIBUTO,400000,0341-4005182,,"Av. San Martín 1468, Roldán"
C1069,Taller Medina Hnos,23-31823505-8,MONOTRIBUTO,300000,0341-4469006,tallermedinahn@gmail.com,"Tucumán 2987, Cañada de Gómez"
C1070,Lubricentro Roldán,27-62677268-9,MONOTRIBUTO,300000,,lubricentrorol@gmail.com,"Santa Fe 2988, Roldán"
C1071,Ruiz Luis,23-70780008-9,MONOTRIBUTO,500000,0341-4419324,,"Av. Pellegrini 399, Pergamino"
C1072,Herrera Carla,27-67112949-6,MONOTRIBUTO,500000,0341-4077783,herreracarla@gmail.com,"Av. Francia 4592, Funes"
C1073,Gomería Moreno,27-94987617-4,MONOTRIBUTO,200000,,gomeramoreno@gmail.com,"Salta 945, San Nicolás"
C1074,Rectificadora Villa Constitución,30-39311426-2,RESPONSABLE_INSCRIPTO,3000000,0341-155982881,compras@rectificador.com.ar,"Av. Alberdi 2043, San Nicolás"
C1075,Transportes Roldán SRL,33-88775314-3,RESPONSABLE_INSCRIPTO,2000000,0341-156651157,compras@transportesr.com.ar,"Mendoza 1854, Funes"
C1076,Gomería Ruiz,20-71068121-0,MONOTRIBUTO,200000,0341-4869903,gomeraruiz@gmail.com,"Ovidio Lagos 268, Funes"
C1077,Gomería Herrera,20-53127183-2,MONOTRIBUTO,500000,0341-4432103,,"Av. Francia 1816, Casilda"
C1078,Romero Susana,,CONSUMIDOR_FINAL,0,0341-156003731,,
C1079,Ruiz Marcelo,23-91319377-6,MONOTRIBUTO,400000,0341-4790494,ruizmarcelo@gmail.com,"Rioja 2584, Villa Gobernador Gálvez"
C1080,Taller Mecánico Benítez,20-27815146-9,MONOTRIBUTO,800000,,,"Rioja 2953, Villa Gobernador Gálvez"
C1081,Lubricentro del Centro,23-13653175-1,MONOTRIBUTO,200000,0341-4012847,,"Salta 1044, San Nicolás"
C1082,Rectificadora Rosario,33-40815240-8,RESPONSABLE_INSCRIPTO,1000000,0341-156485865,compras@rectificador.com.ar,"Córdoba 4085, Rosario"
C1083,Taller Mecánico Vega,27-74714294-2,MONOTRIBUTO,400000,0341-4385356,tallermecnicov@gmail.com,
C1084,Gomería Vega,27-95881282-0,MONOTRIBUTO,300000,0341-155532864,gomeravega@gmail.com,"San Juan 2468, Pergamino"
C1085,Rectificadora Casilda,30-14396384-1,RESPONSABLE_INSCRIPTO,1500000,0341-4730411,,"Santa Fe 1829, Roldán"
C1086,Taller Mecánico Acosta,23-85866168-4,MONOTRIBUTO,300000,0341-154683795,tallermecnicoa@gmail.com,"Salta 4520, San Nicolás"
C1087,Rectificadora Villa Constitución,30-90701968-9,RESPONSABLE_INSCRIPTO,1500000,0341-153622350,,"Bv. Oroño 2825, San Lorenzo"
C1088,Casa Ponce Automotores SRL,33-17904892-8,RESPONSABLE_INSCRIPTO,2000000,,compras@casaponceaut.com.ar,"Salta 1686, Cañada de Gómez"
C1089,Distribuidora Vega SRL,33-65740263-5,RESPONSABLE_INSCRIPTO,5000000,0341-4492715,,"Av. Alberdi 4799, Casilda"
C1090,Sánchez Miguel,27-50909321-6,MONOTRIBUTO,400000,,,"Bv. Oroño 2064, San Lorenzo"
C1091,Gomería Aguirre,27-15140352-8,MONOTRIBUTO,300000,0341-153058600,gomeraaguirre@gmail.com,"Santa Fe 1136, San Lorenzo"
C1092,Agropecuaria San Lorenzo SA,30-55367089-2,RESPONSABLE_INSCRIPTO,2000000,0341-4694903,,"Av. Pellegrini 3004, Casilda"
C1093,Taller Mecánico Ruiz,23-23729948-5,MONOTRIBUTO,300000,0341-155669662,tallermecnicor@gmail.com,
C1094,Rectificadora Oeste,33-34550018-4,RESPONSABLE_INSCRIPTO,2000000,0341-4064881,compras@rectificador.com.ar,
C1095,Rectificadora Roldán,33-92239298-1,RESPONSABLE_INSCRIPTO,5000000,0341-154795320,compras@rectificador.com.ar,"Av. Pellegrini 3755, Rosario"
C1096,Castro María,,CONSUMIDOR_FINAL,0,0341-4042400,,"Bv. Oroño 3130, Roldán"
C1097,Torres Laura,,CONSUMIDOR_FINAL,0,,,"Santa Fe 2777, Roldán"
C1098,Taller Álvarez Hnos,20-54088391-3,MONOTRIBUTO,300000,0341-154423481,,"Santa Fe 3198, Pergamino"
C1099,Núñez Cristian,20-44942857-9,MONOTRIBUTO,200000,,nezcristian@gmail.com,"Rioja 4180, Rosario"
C1100,Taller Mecánico Cabrera,27-87485453-6,MONOTRIBUTO,300000,0341-4220849,,"San Juan 794, Pergamino"
C1101,Transporte Ríos SA,33-92815712-7,RESPONSABLE_INSCRIPTO,2000000,0341-4446127,compras@transportero.com.ar,"Córdoba 2144, Funes"
C1102,Distribuidora Martínez SRL,30-90095849-4,RESPONSABLE_INSCRIPTO,1000000,0341-4580020,compras@distribuidor.com.ar,"Santa Fe 1379, Cañada de Gómez"
C1103,Rectificadora Villa Constitución,33-34552371-0,RESPONSABLE_INSCRIPTO,5000000,,,"27 de Febrero 366, Pérez"
C1104,Transporte Giménez SA,30-72149289-9,RESPONSABLE_INSCRIPTO,5000000,0341-153767660,compras@transportegi.com.ar,"Av. Alberdi 3371, Pérez"
C1105,Casa Ortiz Automotores SRL,33-77959679-1,RESPONSABLE_INSCRIPTO,3000000,0341-154079410,,"Av. Pellegrini 1081, San Nicolás"
C1106,Ponce Diego,,CONSUMIDOR_FINAL,0,0341-4525051,,"Av. Pellegrini 117, Villa Gobernador Gálvez"
C1107,Taller Mecánico Rojas,20-11719355-2,MONOTRIBUTO,400000,0341-4634496,tallermecnicor@gmail.com,"Bv. Oroño 1211, Pergamino"
C1108,Benítez Gabriel,,CONSUMIDOR_FINAL,0,0341-4454931,,"Av. San Martín 4133, San Nicolás"
C1109,Gomería Villalba,23-45966688-5,MONOTRIBUTO,500000,0341-155790732,,
C1110,Lubricentro Pergamino,27-59572759-1,MONOTRIBUTO,500000,0341-153433285,,"Tucumán 564, Villa Gobernador Gálvez"
C1111,Casa Flores Automotores SRL,33-94873842-8,RESPONSABLE_INSCRIPTO,3000000,0341-4501732,compras@casafloresau.com.ar,
C1112,Logística Maidana SA,33-85583424-9,RESPONSABLE_INSCRIPTO,1000000,0341-4380344,compras@logsticamaid.com.ar,"Av. Provincias Unidas 3221, Rosario"
C1113,Ferreyra Luis,,CONSUMIDOR_FINAL,0,,,"San Juan 534, Cañada de Gómez"
C1114,Romero Diego,,CONSUMIDOR_FINAL,0,0341-153718469,,
C1115,Gomería Núñez,23-21867334-1,MONOTRIBUTO,800000,0341-156751324,gomeranez@gmail.com,"Santa Fe 2515, Rosario"
C1116,Gomería Silva,27-10504535-8,MONOTRIBUTO,400000,0341-154322859,,"Mendoza 118, Villa Gobernador Gálvez"
C1117,Medina Fernando,,CONSUMIDOR_FINAL,0,0341-4213113,,
C1118,Casa Rodríguez Automotores SRL,33-40205551-6,RESPONSABLE_INSCRIPTO,5000000,0341-154923486,,"Bv. Oroño 1353, San Nicolás"
C1119,Lubricentro Pergamino,27-33303086-7,MONOTRIBUTO,400000,0341-156218241,lubricentroper@gmail.com,"Av. Alberdi 4761, Villa Gobernador Gálvez"
C1120,Transporte Peralta SA,30-26195347-8,RESPONSABLE_INSCRIPTO,1500000,0341-153318248,compras@transportepe.com.ar,"Córdoba 429, Roldán"
C1121,Gomería López,23-67482834-9,MONOTRIBUTO,500000,0341-153546161,gomeralpez@gmail.com,"Rioja 4508, Roldán"
C1122,Rectificadora del Sur,30-74915676-3,RESPONSABLE_INSCRIPTO,2000000,0341-4291985,,
C1123,Taller Martínez Hnos,20-64335897-3,MONOTRIBUTO,500000,0341-4289444,tallermartnezh@gmail.com,"Av. Francia 696, Villa Gobernador Gálvez"
C1124,Transportes del Litoral SRL,33-57124258-9,RESPONSABLE_INSCRIPTO,5000000,0341-4771962,compras@transportesd.com.ar,"Av. Pellegrini 1681, Casilda"
C1125,Medina Julio,,CONSUMIDOR_FINAL,0,0341-4732403,,"27 de Febrero 2478, San Lorenzo"
C1126,Lubricentro Casilda,20-80651108-1,MONOTRIBUTO,800000,0341-4651050,lubricentrocas@gmail.com,"San Juan 3205, Pérez"
C1127,Transportes Oeste SRL,33-17428164-0,RESPONSABLE_INSCRIPTO,1000000,,compras@transporteso.com.ar,
C1128,Rectificadora San Nicolás,30-67078520-9,RESPONSABLE_INSCRIPTO,1500000,0341-153684210,compras@rectificador.com.ar,"Córdoba 854, Rosario"
C1129,Pérez Andrés,,CONSUMIDOR_FINAL,0,0341-4100734,,"Av. Provincias Unidas 4260, Roldán"
C1130,Lubricentro Funes,27-38304965-8,MONOTRIBUTO,500000,0341-155135591,,"Mendoza 1488, Pergamino"
C1131,Acosta Susana,,CONSUMIDOR_FINAL,0,,,"Av. Alberdi 457, Pérez"
C1132,Rectificadora Cañada de Gómez,30-45168957-2,RESPONSABLE_INSCRIPTO,2000000,0341-4895409,,
C1133,Gómez Rubén,,CONSUMIDOR_FINAL,0,0341-156327035,,"Ovidio Lagos 2757, Cañada de Gómez"
C1134,Logística Ríos SA,33-35074568-3,RESPONSABLE_INSCRIPTO,2000000,0341-155625322,compras@logsticaross.com.ar,"Córdoba 1384, Casilda"
C1135,Romero Facundo,,CONSUMIDOR_FINAL,0,0341-4449010,,"Av. San Martín 836, Pergamino"
C1136,Medina Natalia,,CONSUMIDOR_FINAL,0,0341-154196888,,"Bv. Oroño 1936, Funes"
C1137,Ferreyra Verónica,,CONSUMIDOR_FINAL,0,0341-154010092,,"Mendoza 1451, Pérez"
C1138,Pérez Sandra,,CONSUMIDOR_FINAL,0,0341-156017341,,"27 de Febrero 334, Villa Gobernador Gálvez"
C1139,Taller Medina Hnos,20-73474660-7,MONOTRIBUTO,200000,0341-4535123,tallermedinahn@gmail.com,"Santa Fe 4096, Roldán"
C1140,Ruiz Carlos,,CONSUMIDOR_FINAL,0,0341-155481024,,"Bv. Oroño 2659, Pérez"
C1141,Peralta Jorge,,CONSUMIDOR_FINAL,0,0341-4751490,,
C1142,Taller Ferreyra Hnos,27-83407346-9,MONOTRIBUTO,500000,0341-156900014,tallerferreyra@gmail.com,
C1143,Pérez Martín,,CONSUMIDOR_FINAL,0,,,"Rioja 2917, Pérez"
C1144,Transporte Moreno SA,33-20514581-3,RESPONSABLE_INSCRIPTO,5000000,0341-155379560,compras@transportemo.com.ar,
C1145,Lubricentro San Nicolás,27-89569926-3,MONOTRIBUTO,300000,0341-153078379,lubricentrosan@gmail.com,"Mendoza 588, Funes"
C1146,Taller López Hnos,20-17968167-7,MONOTRIBUTO,200000,0341-153603418,tallerlpezhnos@gmail.com,"Córdoba 3477, San Nicolás"
C1147,Luna Laura,,CONSUMIDOR_FINAL,0,,,
C1148,Rectificadora Villa Constitución,33-21538867-6,RESPONSABLE_INSCRIPTO,1000000,0341-153489120,compras@rectificador.com.ar,"27 de Febrero 4724, Pergamino"
C1149,Lubricentro Cañada de Gómez,23-63560091-8,MONOTRIBUTO,200000,0341-153568721,lubricentrocaa@gmail.com,
C1150,Sosa Néstor,,CONSUMIDOR_FINAL,0,0341-4728821,,"Tucumán 212, Villa Gobernador Gálvez"
C1151,Taller Mecánico Pérez,27-57549232-6,MONOTRIBUTO,300000,0341-4023211,,"Ovidio Lagos 3688, San Lorenzo"
C1152,Taller Ortiz Hnos,27-95816634-1,MONOTRIBUTO,200000,,,"Av. Provincias Unidas 4832, Villa Gobernador Gálvez"
C1153,Vega Federico,,CONSUMIDOR_FINAL,0,0341-4082324,,"Ovidio Lagos 2393, Roldán"
C1154,Agropecuaria Norte SA,33-25762029-3,RESPONSABLE_INSCRIPTO,2000000,0341-155646479,compras@agropecuaria.com.ar,"Av. Provincias Unidas 2220, Pergamino"
C1155,Agropecuaria San Nicolás SA,30-85105334-0,RESPONSABLE_INSCRIPTO,5000000,0341-153192169,compras@agropecuaria.com.ar,"Ovidio Lagos 523, Funes"
C1156,Maidana Sergio,20-27362465-2,MONOTRIBUTO,800000,0341-4462154,,"27 de Febrero 3758, Villa Gobernador Gálvez"
C1157,Rectificadora Oeste,30-21323632-2,RESPONSABLE_INSCRIPTO,5000000,0341-4053384,compras@rectificador.com.ar,"San Juan 670, Pergamino"
C1158,Gomería Medina,27-39823646-2,MONOTRIBUTO,500000,0341-153175944,gomeramedina@gmail.com,
C1159,Distribuidora Sosa SRL,33-29303536-4,RESPONSABLE_INSCRIPTO,5000000,0341-153858143,,
C1160,Logística Castro SA,33-82183892-9,RESPONSABLE_INSCRIPTO,1000000,0341-4665300,compras@logsticacast.com.ar,"Santa Fe 3122, Rosario"
C1161,Maidana Rubén,,CONSUMIDOR_FINAL,0,0341-155202623,,"27 de Febrero 2960, San Lorenzo"
C1162,Aguirre Daniel,,CONSUMIDOR_FINAL,0,,,"Av. San Martín 284, Pérez"
C1163,Lubricentro Funes,23-97640394-0,MONOTRIBUTO,800000,0341-4449239,lubricentrofun@gmail.com,"Rioja 755, San Lorenzo"
C1164,Godoy Cecilia,,CONSUMIDOR_FINAL,0,0341-4800758,,"Av. Francia 812, Villa Gobernador Gálvez"
C1165,Taller Peralta Hnos,23-72439116-8,MONOTRIBUTO,800000,,tallerperaltah@gmail.com,"Salta 3737, Villa Gobernador Gálvez"
C1166,Pérez Juan,,CONSUMIDOR_FINAL,0,0341-153560446,,
C1167,Pérez Claudio,,CONSUMIDOR_FINAL,0,0341-4731558,,"Ovidio Lagos 1480, Pergamino"
C1168,López Claudio,,CONSUMIDOR_FINAL,0,0341-155579115,,"Santa Fe 3275, San Lorenzo"
C1169,Ríos Sandra,,CONSUMIDOR_FINAL,0,0341-156431328,,"Tucumán 2600, Roldán"
C1170,Taller Molina Hnos,27-94814343-2,MONOTRIBUTO,800000,0341-4592993,,"Santa Fe 3117, Rosario"
C1171,Lubricentro Cañada de Gómez,27-48630140-1,MONOTRIBUTO,500000,,lubricentrocaa@gmail.com,"Av. Alberdi 1702, Casilda"
C1172,Transporte Ríos SA,33-60004961-0,RESPONSABLE_INSCRIPTO,3000000,0341-4661171,compras@transportero.com.ar,
C1173,Acosta Mario,,CONSUMIDOR_FINAL,0,0341-4702711,,
C1174,Agropecuaria Cañada de Gómez SA,33-14948207-0,RESPONSABLE_INSCRIPTO,5000000,0341-155589450,compras@agropecuaria.com.ar,"Córdoba 3311, Cañada de Gómez"
C1175,Gomería Acosta,23-84989802-7,MONOTRIBUTO,400000,0341-153216658,,"Bv. Oroño 1462, Casilda"
C1176,Taller Mecánico Ponce,20-68039024-0,MONOTRIBUTO,400000,,tallermecnicop@gmail.com,"Av. Francia 4340, Cañada de Gómez"
C1177,Transportes del Centro SRL,30-27096158-0,RESPONSABLE_INSCRIPTO,5000000,0341-156004969,,"Av. San Martín 1058, Pérez"
C1178,Gomería Torres,27-70064436-2,MONOTRIBUTO,300000,0341-153421376,,"Ovidio Lagos 4226, San Nicolás"
C1179,Domínguez Ana,,CONSUMIDOR_FINAL,0,0341-4714156,,"Av. Pellegrini 1429, Funes"
C1180,Pérez Andrés,,CONSUMIDOR_FINAL,0,0341-154963889,,"Bv. Oroño 3257, Casilda"
C1181,Taller Acosta Hnos,20-70741720-0,MONOTRIBUTO,300000,0341-4888434,,"Av. Alberdi 3092, Funes"
C1182,Casa Medina Automotores SRL,30-30997063-9,RESPONSABLE_INSCRIPTO,1000000,0341-156022127,compras@casamedinaau.com.ar,"Santa Fe 4453, Pérez"
C1183,Transportes del Centro SRL,33-60437766-3,RESPONSABLE_INSCRIPTO,3000000,0341-153333036,compras@transportesd.com.ar,"Salta 1040, Casilda"
C1184,Domínguez Lucas,,CONSUMIDOR_FINAL,0,0341-4225737,,"Tucumán 2824, Roldán"
C1185,Ramírez Patricia,23-45941048-1,MONOTRIBUTO,200000,0341-155216935,ramrezpatricia@gmail.com,"Av. Francia 2706, Funes"
C1186,Gomería Giménez,27-84066596-3,MONOTRIBUTO,300000,0341-155692071,,
C1187,Gomería Ponce,23-68049719-2,MONOTRIBUTO,800000,0341-155342708,gomeraponce@gmail.com,"Santa Fe 2312, Rosario"
C1188,Romero Gabriela,23-92577448-0,MONOTRIBUTO,200000,0341-154545499,romerogabriela@gmail.com,"Ovidio Lagos 2167, Rosario"
C1189,Transportes San Nicolás SRL,30-84700535-8,RESPONSABLE_INSCRIPTO,3000000,0341-4679918,,
C1190,Silva Carlos,,CONSUMIDOR_FINAL,0,0341-4470856,,
C1191,Casa Benítez Automotores SRL,33-65833129-4,RESPONSABLE_INSCRIPTO,2000000,0341-155627013,compras@casabentezau.com.ar,"Córdoba 3164, Villa Gobernador Gálvez"
C1192,Ferreyra Néstor,,CONSUMIDOR_FINAL,0,0341-153602467,,"Av. Alberdi 3240, Pérez"
C1193,Casa Luna Automotores SRL,30-89669822-9,RESPONSABLE_INSCRIPTO,1500000,0341-4509471,compras@casalunaauto.com.ar,"Rioja 3856, Cañada de Gómez"
C1194,Gomería Núñez,27-93314086-0,MONOTRIBUTO,400000,0341-4255238,,
C1195,Lubricentro del Sur,23-73712628-5,MONOTRIBUTO,200000,0341-4499281,lubricentrodel@gmail.com,"Av. Provincias Unidas 1981, Casilda"
C1196,Casa Ponce Automotores SRL,33-43239452-8,RESPONSABLE_INSCRIPTO,5000000,0341-4289966,compras@casaponceaut.com.ar,"Córdoba 2950, Rosario"
C1197,López Rubén,,CONSUMIDOR_FINAL,0,0341-153465573,,"Santa Fe 1855, Cañada de Gómez"
C1198,Transportes Cañada de Gómez SRL,33-60841312-5,RESPONSABLE_INSCRIPTO,3000000,0341-4314751,compras@transportesc.com.ar,"Av. San Martín 3053, San Lorenzo"
C1199,Silva Héctor,,CONSUMIDOR_FINAL,0,0341-156841706,,"Av. Pellegrini 3755, Pérez"
C1200,Transporte Ríos SA,30-99689689-3,RESPONSABLE_INSCRIPTO,2000000,0341-4459949,compras@transportero.com.ar,"Salta 2001, Pérez"
C1201,Agropecuaria del Sur SA,30-83266739-7,RESPONSABLE_INSCRIPTO,1500000,0341-4731985,compras@agropecuaria.com.ar,
C1202,Gomería Rojas,27-11502941-5,MONOTRIBUTO,300000,0341-156890130,,"Rioja 2144, Casilda"
C1203,Gomería Medina,23-94581937-5,MONOTRIBUTO,800000,0341-156277142,,"Bv. Oroño 1965, San Nicolás"
C1204,Taller Mecánico Peralta,20-32415817-1,MONOTRIBUTO,400000,0341-153063120,,"Av. Francia 2319, Pérez"
C1205,Lubricentro Rosario,23-10847257-9,MONOTRIBUTO,400000,0341-153647553,lubricentroros@gmail.com,"Av. San Martín 483, Casilda"
C1206,Cabrera Raúl,,CONSUMIDOR_FINAL,0,0341-156712823,,"Av. Francia 1653, Rosario"
C1207,Taller Mecánico Villalba,27-72310557-4,MONOTRIBUTO,200000,,,"Mendoza 3255, Funes"
C1208,Distribuidora Martínez SRL,30-34096846-4,RESPONSABLE_INSCRIPTO,2000000,,,"San Juan 1538, Pérez"
C1209,Taller Rodríguez Hnos,27-28960161-4,MONOTRIBUTO,500000,0341-153425633,tallerrodrguez@gmail.com,
C1210,Moreno Claudio,20-68559013-2,MONOTRIBUTO,200000,0341-153993083,,"Rioja 2313, Cañada de Gómez"
C1211,Transportes Rosario SRL,30-74297546-7,RESPONSABLE_INSCRIPTO,1500000,0341-154466633,compras@transportesr.com.ar,"Salta 4559, Cañada de Gómez"
C1212,Peralta Marcelo,,CONSUMIDOR_FINAL,0,,,"Av. San Martín 1390, Pergamino"
C1213,Transportes del Sur SRL,30-93174548-0,RESPONSABLE_INSCRIPTO,3000000,0341-154902856,,
C1214,Sosa Cristian,,CONSUMIDOR_FINAL,0,0341-4821337,,
C1215,Correa Natalia,,CONSUMIDOR_FINAL,0,0341-4652708,,
C1216,Benítez Claudio,,CONSUMIDOR_FINAL,0,0341-4352619,,"Av. San Martín 3173, Pérez"
C1217,Distribuidora López SRL,30-24274992-4,RESPONSABLE_INSCRIPTO,1500000,,compras@distribuidor.com.ar,"Av. Provincias Unidas 4648, Funes"
C1218,Logística Molina SA,33-86590827-5,RESPONSABLE_INSCRIPTO,2000000,0341-154229846,compras@logsticamoli.com.ar,"Ovidio Lagos 4705, Roldán"
C1219,Taller Flores Hnos,20-73017389-0,MONOTRIBUTO,500000,0341-4311655,tallerfloreshn@gmail.com,"Av. Pellegrini 3981, Villa Gobernador Gálvez"
C1220,Herrera Ana,27-40799846-9,MONOTRIBUTO,200000,0341-4649791,herreraana@gmail.com,"Av. Pellegrini 4315, Roldán"
C1221,Distribuidora Domínguez SRL,30-62515756-7,RESPONSABLE_INSCRIPTO,3000000,0341-4273427,compras@distribuidor.com.ar,"Salta 1492, Cañada de Gómez"
C1222,Lubricentro San Lorenzo,23-37363652-5,MONOTRIBUTO,300000,,lubricentrosan@gmail.com,"Bv. Oroño 2046, Pérez"
C1223,Aguirre Andrés,,CONSUMIDOR_FINAL,0,0341-4703264,,"Av. Provincias Unidas 4545, Rosario"
C1224,Benítez Franco,,CONSUMIDOR_FINAL,0,0341-155330731,,"Av. Alberdi 3354, Pérez"
C1225,Casa Martínez Automotores SRL,30-64693446-6,RESPONSABLE_INSCRIPTO,1500000,0341-154984330,compras@casamartneza.com.ar,"San Juan 2032, Pergamino"
C1226,Álvarez Lucas,23-56728554-5,MONOTRIBUTO,500000,0341-4709049,lvarezlucas@gmail.com,
C1227,Lubricentro Villa Constitución,23-58873845-0,MONOTRIBUTO,800000,0341-4072166,,"San Juan 3387, Cañada de Gómez"
C1228,Taller Molina Hnos,20-29413667-4,MONOTRIBUTO,200000,0341-4878507,,"Av. Francia 1827, Pergamino"
C1229,Lubricentro del Litoral,27-71865995-2,MONOTRIBUTO,300000,0341-4270252,lubricentrodel@gmail.com,"Salta 1737, Rosario"
C1230,Gomería Castro,23-73357603-0,MONOTRIBUTO,200000,0341-4678661,gomeracastro@gmail.com,
C1231,Sosa Claudio,,CONSUMIDOR_FINAL,0,0341-155916211,,"Tucumán 4172, Funes"
C1232,Cabrera Sergio,,CONSUMIDOR_FINAL,0,0341-4449082,,"Av. Francia 1186, Rosario"
C1233,Lubricentro del Litoral,20-53101011-7,MONOTRIBUTO,300000,0341-153517687,,"Av. Pellegrini 4272, Funes"
C1234,Transporte López SA,33-14958170-2,RESPONSABLE_INSCRIPTO,3000000,0341-155766181,,"Av. Pellegrini 2759, San Lorenzo"
C1235,Núñez Alejandra,,CONSUMIDOR_FINAL,0,,,"Av. Francia 796, Funes"
C1236,Flores María,,CONSUMIDOR_FINAL,0,0341-4307875,,"Av. Francia 704, Casilda"
C1237,Logística Correa SA,30-20781933-2,RESPONSABLE_INSCRIPTO,1500000,0341-156739561,,
C1238,Taller Mecánico Silva,23-18137187-0,MONOTRIBUTO,400000,,,
C1239,Gomería Rojas,23-62350939-7,MONOTRIBUTO,500000,0341-4037913,,"Av. Francia 2985, Casilda"
C1240,Luna Diego,,CONSUMIDOR_FINAL,0,0341-156713078,,"Bv. Oroño 2623, Pérez"
C1241,Lubricentro San Nicolás,20-61646401-9,MONOTRIBUTO,500000,0341-4615242,lubricentrosan@gmail.com,
C1242,Ríos Cristian,,CONSUMIDOR_FINAL,0,0341-4302983,,"27 de Febrero 895, Casilda"
C1243,Rectificadora San Nicolás,33-13466982-4,RESPONSABLE_INSCRIPTO,1000000,0341-4203266,compras@rectificador.com.ar,"27 de Febrero 391, Roldán"
C1244,Taller Godoy Hnos,20-62871511-5,MONOTRIBUTO,200000,0341-4816158,tallergodoyhno@gmail.com,"Tucumán 1637, Casilda"
C1245,Ruiz Gabriel,,CONSUMIDOR_FINAL,0,0341-4118547,,"Tucumán 2538, San Lorenzo"
C1246,Lubricentro Norte,20-99341384-5,MONOTRIBUTO,300000,0341-155967130,,"Salta 2827, Villa Gobernador Gálvez"
C1247,Casa Ríos Automotores SRL,30-27825047-0,RESPONSABLE_INSCRIPTO,1500000,0341-4753174,,
C1248,Gomería Castro,23-34078381-6,MONOTRIBUTO,300000,,,"Av. Provincias Unidas 4849, Cañada de Gómez"
C1249,Cabrera Miguel,,CONSUMIDOR_FINAL,0,0341-4777390,,"Salta 900, Cañada de Gómez"
C1250,Aguirre Cristian,,CONSUMIDOR_FINAL,0,0341-154166307,,"27 de Febrero 3770, Roldán"
C1251,Rectificadora Casilda,33-70641997-2,RESPONSABLE_INSCRIPTO,5000000,0341-153451306,compras@rectificador.com.ar,"Santa Fe 3844, Casilda"
C1252,Taller Mecánico Luna,27-38144669-2,MONOTRIBUTO,400000,0341-4618596,tallermecnicol@gmail.com,"Av. San Martín 525, San Lorenzo"
C1253,Transporte Fernández SA,33-66222021-9,RESPONSABLE_INSCRIPTO,1500000,0341-4756943,,"San Juan 361, Pérez"
C1254,Lubricentro Funes,23-49621248-7,MONOTRIBUTO,500000,0341-156629607,lubricentrofun@gmail.com,
C1255,Casa Rojas Automotores SRL,30-64203865-2,RESPONSABLE_INSCRIPTO,5000000,0341-154296889,compras@casarojasaut.com.ar,"Tucumán 1320, Pergamino"
C1256,Silva Jorge,,CONSUMIDOR_FINAL,0,0341-156521866,,"Ovidio Lagos 3575, Roldán"
C1257,Taller García Hnos,20-78640969-2,MONOTRIBUTO,300000,0341-155565641,,"Santa Fe 1942, San Lorenzo"
C1258,Herrera Luis,,CONSUMIDOR_FINAL,0,0341-4742797,,
C1259,Giménez Cristian,,CONSUMIDOR_FINAL,0,0341-155134398,,"27 de Febrero 1968, Funes"
C1260,Gomería Acosta,27-91216863-3,MONOTRIBUTO,500000,,gomeraacosta@gmail.com,
C1261,Taller Mecánico Molina,20-33886481-8,MONOTRIBUTO,800000,0341-4710360,tallermecnicom@gmail.com,"Av. Alberdi 139, Funes"
C1262,Ramírez Lucas,,CONSUMIDOR_FINAL,0,0341-153710714,,"Av. Pellegrini 3470, Pergamino"
C1263,Casa Aguirre Automotores SRL,30-18618583-4,RESPONSABLE_INSCRIPTO,1500000,0341-153844503,,"San Juan 4087, Cañada de Gómez"
C1264,Transporte Torres SA,30-35603762-2,RESPONSABLE_INSCRIPTO,3000000,0341-4696945,compras@transporteto.com.ar,"Av. Alberdi 2127, Villa Gobernador Gálvez"
C1265,Taller Mecánico Molina,27-74821834-9,MONOTRIBUTO,400000,0341-4631354,,"Córdoba 1241, Pérez"
C1266,Distribuidora Ríos SRL,33-61900196-1,RESPONSABLE_INSCRIPTO,3000000,0341-4693571,compras@distribuidor.com.ar,"Mendoza 3978, Rosario"
C1267,Agropecuaria Funes SA,33-80699537-7,RESPONSABLE_INSCRIPTO,1000000,0341-154892198,compras@agropecuaria.com.ar,"Córdoba 4183, Funes"
C1268,Taller Mecánico Herrera,20-48125766-3,MONOTRIBUTO,500000,0341-4474974,tallermecnicoh@gmail.com,
C1269,Ruiz Verónica,,CONSUMIDOR_FINAL,0,0341-154299756,,"Av. Alberdi 235, San Nicolás"
C1270,Moreno Gustavo,,CONSUMIDOR_FINAL,0,0341-153700717,,"27 de Febrero 2989, Cañada de Gómez"
C1271,Transporte Ferreyra SA,30-99182090-2,RESPONSABLE_INSCRIPTO,2000000,0341-4433839,,"Tucumán 1732, San Nicolás"
C1272,Distribuidora Rojas SRL,30-85733855-9,RESPONSABLE_INSCRIPTO,1000000,,compras@distribuidor.com.ar,"Av. Provincias Unidas 4454, Roldán"
C1273,Distribuidora Fernández SRL,33-56936205-4,RESPONSABLE_INSCRIPTO,2000000,,compras@distribuidor.com.ar,"Bv. Oroño 4597, Casilda"
C1274,Gomería Luna,27-11671481-2,MONOTRIBUTO,200000,0341-4545803,,"Ovidio Lagos 2694, Pérez"
C1275,Distribuidora Ponce SRL,33-15652721-7,RESPONSABLE_INSCRIPTO,1000000,0341-156660932,,"Av. Provincias Unidas 930, Rosario"
C1276,Lubricentro Roldán,27-36040565-1,MONOTRIBUTO,400000,,,"Av. San Martín 1092, Pérez"
C1277,Ramírez Verónica,,CONSUMIDOR_FINAL,0,0341-155657732,,"Av. Francia 3308, Villa Gobernador Gálvez"
C1278,Lubricentro San Lorenzo,27-84088063-5,MONOTRIBUTO,500000,0341-156400694,,"Santa Fe 140, Pérez"
C1279,Agropecuaria del Sur SA,30-64005298-4,RESPONSABLE_INSCRIPTO,3000000,0341-4618232,compras@agropecuaria.com.ar,"Av. Pellegrini 381, San Lorenzo"
C1280,Núñez Andrés,,CONSUMIDOR_FINAL,0,0341-4480262,,
C1281,Distribuidora Moreno SRL,33-23234584-0,RESPONSABLE_INSCRIPTO,1000000,0341-4272079,compras@distribuidor.com.ar,
C1282,Distribuidora García SRL,33-86114611-7,RESPONSABLE_INSCRIPTO,2000000,,,"Santa Fe 4833, Pérez"
C1283,Taller Mecánico Pérez,20-22683071-6,MONOTRIBUTO,200000,0341-154065200,tallermecnicop@gmail.com,"Ovidio Lagos 3751, Cañada de Gómez"
C1284,Casa Medina Automotores SRL,33-11521310-0,RESPONSABLE_INSCRIPTO,1000000,0341-155488054,,"Ovidio Lagos 688, Cañada de Gómez"
C1285,Aguirre Gabriel,,CONSUMIDOR_FINAL,0,0341-153262289,,"Santa Fe 3823, San Lorenzo"
C1286,Ríos Beatriz,,CONSUMIDOR_FINAL,0,0341-4539215,,"Av. San Martín 4337, Cañada de Gómez"
C1287,Benítez Andrés,,CONSUMIDOR_FINAL,0,0341-4082707,,"Tucumán 3955, Villa Gobernador Gálvez"
C1288,Moreno Gustavo,,CONSUMIDOR_FINAL,0,0341-4143467,,"Salta 3152, Cañada de Gómez"
C1289,Taller García Hnos,23-16361721-8,MONOTRIBUTO,800000,0341-154718890,tallergarcahno@gmail.com,"Córdoba 4329, Funes"
C1290,Lubricentro San Nicolás,27-26346004-4,MONOTRIBUTO,400000,,,"Salta 1943, Rosario"
C1291,Taller Ortiz Hnos,23-24189389-8,MONOTRIBUTO,200000,0341-155904797,,
C1292,Distribuidora Moreno SRL,33-76026208-6,RESPONSABLE_INSCRIPTO,1500000,0341-4774384,,
C1293,Flores Lucas,,CONSUMIDOR_FINAL,0,0341-4898505,,"Santa Fe 2867, Rosario"
C1294,Transportes Villa Constitución SRL,33-85310761-7,RESPONSABLE_INSCRIPTO,3000000,0341-4258489,compras@transportesv.com.ar,"Mendoza 309, Villa Gobernador Gálvez"
C1295,Acosta Oscar,,CONSUMIDOR_FINAL,0,0341-4111719,,"Mendoza 2483, Pergamino"
C1296,Ponce Raúl,,CONSUMIDOR_FINAL,0,0341-4258726,,
C1297,Taller Gómez Hnos,20-61528603-7,MONOTRIBUTO,200000,0341-4729725,tallergmezhnos@gmail.com,"Córdoba 693, Funes"
C1298,Taller Giménez Hnos,27-24118571-6,MONOTRIBUTO,200000,0341-4361055,tallergimnezhn@gmail.com,"Av. Provincias Unidas 1349, Rosario"
C1299,Gomería Torres,23-32131083-4,MONOTRIBUTO,800000,0341-4427147,,"Mendoza 1817, Pérez"
C1300,Lubricentro Rosario,27-31938096-0,MONOTRIBUTO,300000,0341-155925120,lubricentroros@gmail.com,
C1301,Ruiz Federico,,CONSUMIDOR_FINAL,0,0341-4246294,,"Salta 939, Cañada de Gómez"
C1302,Vega Susana,,CONSUMIDOR_FINAL,0,0341-4029808,,"Mendoza 562, San Lorenzo"
C1303,Taller Flores Hnos,23-14782790-3,MONOTRIBUTO,200000,0341-4337424,tallerfloreshn@gmail.com,"Av. Pellegrini 182, Pérez"
C1304,Gomería Aguirre,27-34433425-6,MONOTRIBUTO,800000,0341-4692795,gomeraaguirre@gmail.com,"Av. Alberdi 235, Villa Gobernador Gálvez"
C1305,Transportes Funes SRL,33-28696027-3,RESPONSABLE_INSCRIPTO,2000000,0341-4544635,compras@transportesf.com.ar,"San Juan 1516, Cañada de Gómez"
C1306,Transporte Castro SA,30-64967041-9,RESPONSABLE_INSCRIPTO,1000000,0341-4463111,,"Av. Pellegrini 3322, Rosario"
C1307,Gomería Herrera,27-12476339-3,MONOTRIBUTO,500000,0341-154044903,,"Av. Provincias Unidas 4154, Roldán"
C1308,Pérez Néstor,,CONSUMIDOR_FINAL,0,0341-4091900,,"Av. Francia 589, Cañada de Gómez"
C1309,Taller Mecánico Castro,20-76091166-7,MONOTRIBUTO,500000,0341-153576633,tallermecnicoc@gmail.com,"Salta 2853, Casilda"
C1310,Gomería Medina,23-39966787-9,MONOTRIBUTO,300000,0341-4725514,gomeramedina@gmail.com,"Tucumán 948, Roldán"
C1311,Casa Acosta Automotores SRL,33-86989542-9,RESPONSABLE_INSCRIPTO,1500000,0341-154040030,compras@casaacostaau.com.ar,
C1312,Álvarez Nicolás,27-30580448-2,MONOTRIBUTO,300000,0341-4228996,,"Santa Fe 4011, Casilda"
C1313,Agropecuaria Oeste SA,33-42973032-0,RESPONSABLE_INSCRIPTO,1500000,0341-4106763,compras@agropecuaria.com.ar,"Av. Alberdi 2718, Funes"
C1314,Taller Mecánico Martínez,27-49044742-9,MONOTRIBUTO,400000,0341-155533124,tallermecnicom@gmail.com,
C1315,Agropecuaria Norte SA,33-67762358-1,RESPONSABLE_INSCRIPTO,5000000,0341-153067412,,"Rioja 678, Rosario"
C1316,Taller Mecánico Fernández,20-59397037-0,MONOTRIBUTO,200000,0341-4877396,tallermecnicof@gmail.com,"Salta 372, Villa Gobernador Gálvez"
C1317,Rectificadora del Sur,33-22712484-4,RESPONSABLE_INSCRIPTO,1500000,0341-4481186,compras@rectificador.com.ar,
C1318,Rectificadora Casilda,33-70927552-1,RESPONSABLE_INSCRIPTO,1000000,0341-153473430,compras@rectificador.com.ar,"Av. Provincias Unidas 1906, Villa Gobernador Gálvez"
C1319,Gómez Fernando,,CONSUMIDOR_FINAL,0,,,"Av. San Martín 1703, Rosario"
C1320,Lubricentro Rosario,20-20372992-9,MONOTRIBUTO,200000,0341-155744819,,"Av. Pellegrini 2570, Villa Gobernador Gálvez"
C1321,Álvarez Sandra,,CONSUMIDOR_FINAL,0,0341-4040966,,"Bv. Oroño 3847, Rosario"
C1322,Gomería Castro,20-50732104-7,MONOTRIBUTO,800000,0341-155851605,gomeracastro@gmail.com,"27 de Febrero 4837, Cañada de Gómez"
C1323,Lubricentro Norte,20-87329168-1,MONOTRIBUTO,300000,0341-154768227,,
C1324,Lubricentro del Litoral,27-61675625-2,MONOTRIBUTO,200000,0341-4128573,,"Santa Fe 243, Cañada de Gómez"
C1325,Taller Mecánico Ponce,20-59917586-6,MONOTRIBUTO,800000,0341-154109446,,
C1326,Moreno Diego,,CONSUMIDOR_FINAL,0,0341-153097562,,"Av. San Martín 3850, Pérez"
C1327,Distribuidora Maidana SRL,30-59644829-8,RESPONSABLE_INSCRIPTO,2000000,0341-155222247,compras@distribuidor.com.ar,"Av. San Martín 2551, Cañada de Gómez"
C1328,Silva Mario,,CONSUMIDOR_FINAL,0,0341-155363967,,"Rioja 1196, Villa Gobernador Gálvez"
C1329,Silva Gabriela,,CONSUMIDOR_FINAL,0,0341-154907325,,"Bv. Oroño 2378, San Nicolás"
C1330,Distribuidora Álvarez SRL,30-65805213-2,RESPONSABLE_INSCRIPTO,1000000,,compras@distribuidor.com.ar,"San Juan 2891, San Lorenzo"
C1331,Taller Mecánico Ruiz,27-15329519-6,MONOTRIBUTO,800000,0341-4371959,tallermecnicor@gmail.com,"Salta 797, Funes"
C1332,Romero Silvia,20-16708648-9,MONOTRIBUTO,500000,0341-156667761,romerosilvia@gmail.com,"Salta 647, Roldán"
C1333,García Gustavo,23-90511250-3,MONOTRIBUTO,300000,0341-4019851,garcagustavo@gmail.com,
C1334,Logística Medina SA,33-34790494-0,RESPONSABLE_INSCRIPTO,2000000,0341-154465517,,"Av. Pellegrini 3239, Pergamino"
C1335,Lubricentro del Centro,27-25072683-5,MONOTRIBUTO,400000,0341-4116504,,"Tucumán 1193, Roldán"
C1336,Logística Rojas SA,30-26929743-9,RESPONSABLE_INSCRIPTO,5000000,,compras@logsticaroja.com.ar,"Rioja 2879, Funes"
C1337,Gomería Moreno,27-35679068-0,MONOTRIBUTO,800000,0341-155666974,,"Av. Pellegrini 4618, Casilda"
C1338,Taller Sosa Hnos,27-92961559-5,MONOTRIBUTO,300000,0341-4751137,tallersosahnos@gmail.com,"Av. Alberdi 3196, Cañada de Gómez"
C1339,Álvarez Claudio,,CONSUMIDOR_FINAL,0,,,"Salta 1005, Pergamino"
C1340,Taller Mecánico García,27-51402206-8,MONOTRIBUTO,200000,0341-4500667,,
C1341,Casa Ríos Automotores SRL,30-81418338-2,RESPONSABLE_INSCRIPTO,5000000,0341-156284560,,"Santa Fe 4044, Casilda"
C1342,Rectificadora Funes,30-25204365-5,RESPONSABLE_INSCRIPTO,1000000,0341-4785103,compras@rectificador.com.ar,"Salta 387, Pergamino"
C1343,Aguirre Verónica,20-40363753-0,MONOTRIBUTO,200000,0341-156480001,aguirrevernica@gmail.com,"Ovidio Lagos 2095, San Nicolás"
C1344,Luna Nicolás,27-45038040-2,MONOTRIBUTO,400000,0341-153146768,lunanicols@gmail.com,"Av. Francia 556, Rosario"
C1345,Rectificadora Norte,30-30056116-7,RESPONSABLE_INSCRIPTO,2000000,0341-4105874,compras@rectificador.com.ar,"Córdoba 3280, San Lorenzo"
C1346,Distribuidora Moreno SRL,30-96920508-0,RESPONSABLE_INSCRIPTO,1000000,0341-154693068,,"27 de Febrero 1408, Villa Gobernador Gálvez"
C1347,Taller Mecánico Martínez,20-73157980-7,MONOTRIBUTO,300000,,tallermecnicom@gmail.com,"Av. Pellegrini 968, Funes"
C1348,Rectificadora Roldán,30-50133247-6,RESPONSABLE_INSCRIPTO,1000000,0341-4157138,,"Santa Fe 4035, Pergamino"
C1349,Distribuidora Núñez SRL,30-73619177-2,RESPONSABLE_INSCRIPTO,3000000,,compras@distribuidor.com.ar,"Córdoba 2386, San Nicolás"
C1350,Correa Leandro,,CONSUMIDOR_FINAL,0,0341-4671410,,"Tucumán 4485, San Nicolás"
C1351,Gomería Álvarez,23-69500127-4,MONOTRIBUTO,300000,0341-156520071,,"Av. Provincias Unidas 3597, Pérez"
C1352,Logística Flores SA,30-83151202-0,RESPONSABLE_INSCRIPTO,1000000,0341-156297277,compras@logsticaflor.com.ar,
C1353,Vega Facundo,,CONSUMIDOR_FINAL,0,0341-153443671,,"Salta 421, Casilda"
C1354,Taller Mecánico Vega,23-78732302-2,MONOTRIBUTO,200000,0341-4712907,,"Santa Fe 2792, Roldán"
C1355,Herrera Silvia,27-96435881-3,MONOTRIBUTO,800000,0341-4468155,herrerasilvia@gmail.com,"Rioja 1504, Pérez"
C1356,Taller Herrera Hnos,27-50823541-6,MONOTRIBUTO,500000,0341-4167655,,"Av. Pellegrini 3299, Casilda"
C1357,Gomería Ramírez,27-40910965-4,MONOTRIBUTO,800000,0341-156181768,gomeraramrez@gmail.com,"Rioja 2353, San Nicolás"
C1358,Taller Mecánico Pérez,27-23766604-1,MONOTRIBUTO,300000,0341-154871776,,"Tucumán 1965, Cañada de Gómez"
C1359,Godoy Pablo,,CONSUMIDOR_FINAL,0,0341-155493995,,"Ovidio Lagos 3666, Pérez"
C1360,Gomería Rojas,20-99433265-2,MONOTRIBUTO,300000,0341-156240079,,
C1361,Transporte Medina SA,33-82751125-6,RESPONSABLE_INSCRIPTO,2000000,0341-4116562,compras@transporteme.com.ar,"Mendoza 1141, Casilda"
C1362,Ortiz Susana,,CONSUMIDOR_FINAL,0,0341-153618875,,"Tucumán 3711, San Nicolás"
C1363,Rectificadora Norte,30-73055079-7,RESPONSABLE_INSCRIPTO,3000000,0341-155919767,,"27 de Febrero 4141, San Nicolás"
C1364,Gomería Romero,23-31838944-6,MONOTRIBUTO,800000,0341-4882520,,"Av. Alberdi 2641, Villa Gobernador Gálvez"
C1365,Rodríguez Sergio,,CONSUMIDOR_FINAL,0,0341-4877472,,"Bv. Oroño 4085, Pergamino"
C1366,Rodríguez Cristian,,CONSUMIDOR_FINAL,0,0341-154364483,,"Bv. Oroño 4078, Casilda"
C1367,Taller Peralta Hnos,20-31651163-6,MONOTRIBUTO,300000,0341-153766424,,"Av. Alberdi 3986, Funes"
C1368,Lubricentro Pergamino,27-30270351-0,MONOTRIBUTO,400000,0341-4657882,lubricentroper@gmail.com,"Santa Fe 4466, Rosario"
C1369,Transportes Rosario SRL,33-64512221-1,RESPONSABLE_INSCRIPTO,5000000,0341-155861114,,"Tucumán 393, Pergamino"
C1370,Medina Mónica,,CONSUMIDOR_FINAL,0,0341-4566651,,"Tucumán 2765, Cañada de Gómez"
C1371,Distribuidora Cabrera SRL,30-20837220-9,RESPONSABLE_INSCRIPTO,1500000,0341-4429009,,"Ovidio Lagos 4317, Cañada de Gómez"
C1372,Gomería Ponce,20-75688257-1,MONOTRIBUTO,300000,0341-156743132,gomeraponce@gmail.com,"San Juan 1201, San Lorenzo"
C1373,Aguirre Pablo,,CONSUMIDOR_FINAL,0,0341-4341990,,
C1374,Transporte Acosta SA,30-42343450-9,RESPONSABLE_INSCRIPTO,1500000,0341-156048531,compras@transporteac.com.ar,"Bv. Oroño 3646, Funes"
C1375,Rodríguez Andrés,,CONSUMIDOR_FINAL,0,0341-4522431,,"Av. Pellegrini 4542, Pérez"
C1376,Godoy Cecilia,20-73251968-9,MONOTRIBUTO,300000,0341-4695766,,"27 de Febrero 4749, Rosario"
C1377,Taller Mecánico Aguirre,27-34071556-5,MONOTRIBUTO,400000,0341-156479793,,"Ovidio Lagos 209, Cañada de Gómez"
C1378,Lubricentro Villa Constitución,23-60499429-2,MONOTRIBUTO,500000,0341-4617654,lubricentrovil@gmail.com,"27 de Febrero 4454, Villa Gobernador Gálvez"
C1379,Benítez Jorge,,CONSUMIDOR_FINAL,0,0341-4220580,,"Santa Fe 1406, San Lorenzo"
C1380,Logística Ortiz SA,30-82052771-9,RESPONSABLE_INSCRIPTO,2000000,0341-4388428,,
C1381,Taller Mecánico López,23-84477561-9,MONOTRIBUTO,400000,0341-154424635,tallermecnicol@gmail.com,"Av. Alberdi 4633, Casilda"
C1382,Distribuidora Aguirre SRL,33-57424791-3,RESPONSABLE_INSCRIPTO,1000000,0341-155488008,,
C1383,Logística Ruiz SA,33-86795887-3,RESPONSABLE_INSCRIPTO,3000000,0341-153756888,compras@logsticaruiz.com.ar,"Mendoza 3842, Casilda"
C1384,Martínez Rubén,,CONSUMIDOR_FINAL,0,0341-4679287,,"Av. San Martín 3279, San Lorenzo"
C1385,Ponce Rubén,,CONSUMIDOR_FINAL,0,0341-156965096,,"Mendoza 4012, Casilda"
C1386,Torres Pablo,,CONSUMIDOR_FINAL,0,0341-156990474,,"Av. Pellegrini 3641, San Lorenzo"
C1387,Romero Daniel,27-28168446-4,MONOTRIBUTO,800000,0341-4141976,romerodaniel@gmail.com,"Av. Francia 1815, Rosario"
C1388,Taller Mecánico Romero,27-71875844-6,MONOTRIBUTO,800000,0341-4451762,,
C1389,Ortiz Laura,,CONSUMIDOR_FINAL,0,0341-4076026,,"Av. San Martín 758, Roldán"
C1390,Transporte Cabrera SA,33-64577469-3,RESPONSABLE_INSCRIPTO,5000000,0341-155695703,,"Av. Alberdi 2719, Rosario"
C1391,Rectificadora Pergamino,33-65139243-3,RESPONSABLE_INSCRIPTO,2000000,0341-156918230,compras@rectificador.com.ar,"27 de Febrero 2105, San Lorenzo"
C1392,Lubricentro Villa Constitución,23-89859046-1,MONOTRIBUTO,300000,0341-155934385,lubricentrovil@gmail.com,"Córdoba 3748, San Nicolás"
C1393,García Facundo,23-48476237-6,MONOTRIBUTO,800000,0341-153411631,,"Mendoza 232, Funes"
C1394,Rectificadora del Sur,33-21109848-7,RESPONSABLE_INSCRIPTO,2000000,0341-154760394,compras@rectificador.com.ar,"Av. Francia 4816, Funes"
C1395,García Héctor,,CONSUMIDOR_FINAL,0,0341-4264828,,
C1396,Benítez Daniel,,CONSUMIDOR_FINAL,0,0341-155597869,,"Ovidio Lagos 906, Villa Gobernador Gálvez"
C1397,Distribuidora Castro SRL,30-69158237-6,RESPONSABLE_INSCRIPTO,2000000,0341-155822722,compras@distribuidor.com.ar,"Av. Provincias Unidas 3818, Roldán"
C1398,Vega Cristian,,CONSUMIDOR_FINAL,0,0341-4234395,,"Tucumán 2704, Casilda"
C1399,Casa Giménez Automotores SRL,30-33788051-3,RESPONSABLE_INSCRIPTO,1500000,0341-154710542,compras@casagimnezau.com.ar,"Ovidio Lagos 1724, Pérez"
C1400,Taller Cabrera Hnos,23-44905702-3,MONOTRIBUTO,800000,0341-155811265,,"Av. Alberdi 2852, Pérez"
C1401,Lubricentro Roldán,27-27225693-9,MONOTRIBUTO,500000,0341-4472976,lubricentrorol@gmail.com,"Av. Pellegrini 2582, Villa Gobernador Gálvez"
C1402,Transporte López SA,30-42991297-7,RESPONSABLE_INSCRIPTO,3000000,0341-156948983,compras@transportelp.com.ar,
C1403,Transporte Moreno SA,33-70774733-7,RESPONSABLE_INSCRIPTO,5000000,0341-4195345,compras@transportemo.com.ar,"Av. Alberdi 2471, Casilda"
C1404,Ponce Carla,23-63513911-0,MONOTRIBUTO,200000,0341-4101068,poncecarla@gmail.com,"Salta 4577, Casilda"
C1405,Ramírez Federico,,CONSUMIDOR_FINAL,0,0341-4522163,,"Córdoba 4540, Pergamino"
C1406,Ferreyra Raúl,,CONSUMIDOR_FINAL,0,0341-4005053,,"Av. Provincias Unidas 3808, Casilda"
C1407,Taller Herrera Hnos,20-58060544-4,MONOTRIBUTO,400000,0341-4692597,,"Tucumán 484, Rosario"
C1408,Taller Álvarez Hnos,23-36104886-5,MONOTRIBUTO,400000,0341-153295273,,"Tucumán 1656, San Nicolás"
C1409,Gomería Ferreyra,27-70274131-4,MONOTRIBUTO,800000,0341-156612862,,"Salta 4627, Casilda"
C1410,Distribuidora Ruiz SRL,33-53487176-2,RESPONSABLE_INSCRIPTO,5000000,,compras@distribuidor.com.ar,
C1411,Transportes Pergamino SRL,33-44889721-9,RESPONSABLE_INSCRIPTO,5000000,0341-153941306,compras@transportesp.com.ar,"Bv. Oroño 647, Villa Gobernador Gálvez"
C1412,Lubricentro Villa Constitución,20-74163573-9,MONOTRIBUTO,200000,0341-153052211,lubricentrovil@gmail.com,"Salta 2600, Pergamino"
C1413,Villalba Ana,,CONSUMIDOR_FINAL,0,0341-4178464,,"Rioja 2512, Cañada de Gómez"
C1414,Casa Álvarez Automotores SRL,33-10021243-4,RESPONSABLE_INSCRIPTO,1500000,0341-156368206,compras@casalvarezau.com.ar,"Bv. Oroño 4803, Cañada de Gómez"
C1415,Rectificadora Villa Constitución,33-73094748-3,RESPONSABLE_INSCRIPTO,1500000,0341-155046513,,"Rioja 2126, San Nicolás"
C1416,García Natalia,,CONSUMIDOR_FINAL,0,0341-155949236,,"Salta 982, Funes"
C1417,Transporte Fernández SA,33-91821273-1,RESPONSABLE_INSCRIPTO,2000000,,compras@transportefe.com.ar,
C1418,Rectificadora del Litoral,33-27170085-2,RESPONSABLE_INSCRIPTO,2000000,,compras@rectificador.com.ar,"Mendoza 4312, Villa Gobernador Gálvez"
C1419,Logística Herrera SA,33-31374402-2,RESPONSABLE_INSCRIPTO,2000000,0341-4527427,compras@logsticaherr.com.ar,"Mendoza 2237, Cañada de Gómez"
C1420,Casa Ponce Automotores SRL,30-84871723-8,RESPONSABLE_INSCRIPTO,1000000,0341-155510097,compras@casaponceaut.com.ar,"San Juan 4876, San Nicolás"
C1421,Gómez Sandra,,CONSUMIDOR_FINAL,0,0341-155486237,,"Córdoba 3394, San Lorenzo"
C1422,Torres Facundo,20-22765575-6,MONOTRIBUTO,200000,0341-4753317,,"Bv. Oroño 3358, Pergamino"
C1423,Maidana Miguel,,CONSUMIDOR_FINAL,0,0341-155160327,,"Av. Provincias Unidas 2570, Rosario"
C1424,Rectificadora del Centro,33-37924296-6,RESPONSABLE_INSCRIPTO,5000000,,compras@rectificador.com.ar,"Av. San Martín 735, Rosario"
C1425,Flores Cecilia,23-55347066-8,MONOTRIBUTO,300000,0341-4214277,florescecilia@gmail.com,"Santa Fe 2601, Funes"
C1426,Rectificadora Casilda,30-79429735-1,RESPONSABLE_INSCRIPTO,1000000,0341-153026805,compras@rectificador.com.ar,"Bv. Oroño 1890, Rosario"
C1427,Gomería Ferreyra,20-23586108-9,MONOTRIBUTO,500000,0341-154328525,,"Av. Pellegrini 554, Villa Gobernador Gálvez"
C1428,Torres Mario,,CONSUMIDOR_FINAL,0,,,"Córdoba 1040, Cañada de Gómez"
C1429,Gomería Gómez,27-72261312-6,MONOTRIBUTO,200000,0341-4529478,gomeragmez@gmail.com,"Av. San Martín 1312, San Lorenzo"
C1430,Taller Martínez Hnos,27-59297916-6,MONOTRIBUTO,400000,0341-154079631,,"Mendoza 3813, Villa Gobernador Gálvez"
C1431,Castro Silvia,,CONSUMIDOR_FINAL,0,0341-4602164,,"Rioja 1383, San Nicolás"
C1432,Gómez Laura,,CONSUMIDOR_FINAL,0,0341-4788883,,"Córdoba 4677, Casilda"
C1433,Ramírez Andrés,,CONSUMIDOR_FINAL,0,,,
C1434,Logística Sosa SA,30-73115329-5,RESPONSABLE_INSCRIPTO,1000000,0341-4664183,,"Av. Pellegrini 3019, Funes"
C1435,Distribuidora Correa SRL,30-32344429-9,RESPONSABLE_INSCRIPTO,3000000,0341-155492830,,"27 de Febrero 3068, Pergamino"
C1436,Lubricentro del Litoral,27-96306977-9,MONOTRIBUTO,400000,0341-156399308,,"Mendoza 297, Villa Gobernador Gálvez"
C1437,Casa Sánchez Automotores SRL,33-12360926-9,RESPONSABLE_INSCRIPTO,5000000,0341-156650278,compras@casasnchezau.com.ar,"Av. Francia 4697, Cañada de Gómez"
C1438,Ramírez Carlos,,CONSUMIDOR_FINAL,0,0341-4274534,,"Tucumán 1657, San Lorenzo"
C1439,Ferreyra Federico,,CONSUMIDOR_FINAL,0,0341-4842642,,"Av. Pellegrini 597, Roldán"
C1440,Vega Héctor,,CONSUMIDOR_FINAL,0,0341-4441556,,"Av. Francia 1306, Funes"
C1441,Transporte Sánchez SA,33-92336358-6,RESPONSABLE_INSCRIPTO,1500000,,compras@transportesn.com.ar,"Av. San Martín 441, Funes"
C1442,Transporte Castro SA,33-26430430-5,RESPONSABLE_INSCRIPTO,1500000,0341-156989662,compras@transporteca.com.ar,"27 de Febrero 3964, San Nicolás"
C1443,Medina Miguel,,CONSUMIDOR_FINAL,0,0341-4867435,,"Ovidio Lagos 1981, San Lorenzo"
C1444,Casa Cabrera Automotores SRL,30-61502209-4,RESPONSABLE_INSCRIPTO,1000000,0341-154046781,,"Ovidio Lagos 299, Funes"
C1445,Taller Mecánico Vega,23-88316441-5,MONOTRIBUTO,500000,0341-154915097,tallermecnicov@gmail.com,"Rioja 3167, San Lorenzo"
C1446,Distribuidora Medina SRL,30-43521078-9,RESPONSABLE_INSCRIPTO,5000000,0341-4017037,compras@distribuidor.com.ar,"San Juan 4589, Casilda"
C1447,Rectificadora del Sur,33-76050944-8,RESPONSABLE_INSCRIPTO,2000000,,compras@rectificador.com.ar,"Rioja 2077, Pérez"
C1448,Acosta Patricia,20-38696578-2,MONOTRIBUTO,400000,0341-4281788,acostapatricia@gmail.com,
C1449,Taller García Hnos,23-66093670-9,MONOTRIBUTO,200000,,tallergarcahno@gmail.com,
C1450,Distribuidora Fernández SRL,30-60925962-7,RESPONSABLE_INSCRIPTO,1500000,0341-4479265,compras@distribuidor.com.ar,"Bv. Oroño 4737, Pérez"
C1451,Taller Correa Hnos,23-97513239-0,MONOTRIBUTO,800000,,tallercorreahn@gmail.com,"Av. Pellegrini 2727, Roldán"
C1452,Sosa Miguel,,CONSUMIDOR_FINAL,0,0341-153783014,,"Salta 1084, Villa Gobernador Gálvez"
C1453,Taller Aguirre Hnos,20-47648253-5,MONOTRIBUTO,800000,0341-154799091,,"Córdoba 1698, Cañada de Gómez"
C1454,Fernández Laura,,CONSUMIDOR_FINAL,0,0341-155035094,,"Mendoza 4107, Rosario"
C1455,Lubricentro Pergamino,20-84757402-0,MONOTRIBUTO,500000,0341-4539421,,"Av. Pellegrini 2545, Cañada de Gómez"
C1456,Agropecuaria Funes SA,30-94002290-4,RESPONSABLE_INSCRIPTO,3000000,0341-4732792,compras@agropecuaria.com.ar,"Av. San Martín 3168, Funes"
C1457,Villalba Franco,,CONSUMIDOR_FINAL,0,0341-154115856,,"Av. Provincias Unidas 2913, San Lorenzo"
C1458,Distribuidora Martínez SRL,33-12001708-5,RESPONSABLE_INSCRIPTO,5000000,0341-153205202,compras@distribuidor.com.ar,"Rioja 4207, San Lorenzo"
C1459,Transporte Pérez SA,33-46722344-0,RESPONSABLE_INSCRIPTO,1000000,0341-155702320,,"Av. Provincias Unidas 2867, Funes"
C1460,Silva Patricia,,CONSUMIDOR_FINAL,0,,,"Bv. Oroño 1580, San Nicolás"
C1461,Sosa Mario,20-31963353-8,MONOTRIBUTO,400000,0341-153241469,,"Av. Francia 453, Pergamino"
C1462,Taller Mecánico Ponce,27-78028614-3,MONOTRIBUTO,800000,0341-153560883,,"Ovidio Lagos 2390, Pergamino"
C1463,Gomería Villalba,27-53052054-9,MONOTRIBUTO,800000,0341-153566123,gomeravillalba@gmail.com,"Av. Francia 4021, Cañada de Gómez"
C1464,Acosta Gabriel,,CONSUMIDOR_FINAL,0,0341-4709572,,"Av. San Martín 228, Roldán"
C1465,Acosta Diego,27-12718383-5,MONOTRIBUTO,400000,0341-153211672,,"Av. Provincias Unidas 2402, Rosario"
C1466,Gomería Sosa,27-93089785-5,MONOTRIBUTO,300000,0341-4198542,,"Bv. Oroño 3320, Roldán"
C1467,Casa Torres Automotores SRL,30-79863209-0,RESPONSABLE_INSCRIPTO,5000000,0341-155632693,compras@casatorresau.com.ar,"Ovidio Lagos 1255, Funes"
C1468,Distribuidora Medina SRL,30-45965426-3,RESPONSABLE_INSCRIPTO,5000000,0341-156928939,compras@distribuidor.com.ar,"Mendoza 1584, Villa Gobernador Gálvez"
C1469,Lubricentro del Centro,23-75716085-4,MONOTRIBUTO,200000,0341-4259722,,"San Juan 3458, Villa Gobernador Gálvez"
C1470,Rojas Héctor,,CONSUMIDOR_FINAL,0,0341-154972860,,"Salta 4381, San Nicolás"
C1471,Álvarez Beatriz,20-60952071-0,MONOTRIBUTO,500000,0341-4557898,lvarezbeatriz@gmail.com,
C1472,Distribuidora Molina SRL,30-54831327-5,RESPONSABLE_INSCRIPTO,5000000,0341-4356058,,"Av. Alberdi 788, San Lorenzo"
C1473,Agropecuaria Funes SA,33-53413728-7,RESPONSABLE_INSCRIPTO,5000000,0341-155271018,compras@agropecuaria.com.ar,"San Juan 928, Pérez"
C1474,Vega Gustavo,,CONSUMIDOR_FINAL,0,0341-155334332,,"Salta 4818, Roldán"
C1475,Rojas Romina,,CONSUMIDOR_FINAL,0,0341-4823315,,"Av. Pellegrini 4182, Villa Gobernador Gálvez"
C1476,Logística Giménez SA,33-42610307-4,RESPONSABLE_INSCRIPTO,2000000,0341-4090345,,"Av. Alberdi 3005, Rosario"
C1477,Ferreyra Gustavo,,CONSUMIDOR_FINAL,0,,,"Córdoba 3129, San Lorenzo"
C1478,Lubricentro San Lorenzo,20-20327924-9,MONOTRIBUTO,800000,0341-4346868,lubricentrosan@gmail.com,"Mendoza 4301, San Lorenzo"
C1479,Taller Benítez Hnos,27-27593172-7,MONOTRIBUTO,400000,,tallerbentezhn@gmail.com,"Av. Provincias Unidas 3686, Pergamino"
C1480,Agropecuaria Villa Constitución SA,33-29971574-9,RESPONSABLE_INSCRIPTO,1500000,,compras@agropecuaria.com.ar,"Av. Pellegrini 3889, Rosario"
C1481,Taller Fernández Hnos,20-43459001-9,MONOTRIBUTO,400000,0341-153764814,,
C1482,Casa Fernández Automotores SRL,33-19746383-5,RESPONSABLE_INSCRIPTO,1000000,0341-156772971,,"Mendoza 2803, San Lorenzo"
C1483,Casa Medina Automotores SRL,30-28013647-2,RESPONSABLE_INSCRIPTO,1000000,,compras@casamedinaau.com.ar,
C1484,Distribuidora Núñez SRL,33-53975946-4,RESPONSABLE_INSCRIPTO,1500000,0341-4251997,compras@distribuidor.com.ar,"Av. San Martín 4525, San Nicolás"
C1485,Rectificadora Casilda,30-83805517-2,RESPONSABLE_INSCRIPTO,1500000,0341-4604475,,
C1486,Distribuidora Medina SRL,30-68392261-3,RESPONSABLE_INSCRIPTO,1500000,,compras@distribuidor.com.ar,"Mendoza 3555, San Nicolás"
C1487,Taller Mecánico Peralta,23-12445136-1,MONOTRIBUTO,500000,0341-155468554,,"27 de Febrero 599, Rosario"
C1488,Sosa Gabriela,,CONSUMIDOR_FINAL,0,0341-4274559,,"Mendoza 4090, Roldán"
C1489,Gomería Fernández,23-11629388-9,MONOTRIBUTO,200000,0341-4533188,gomerafernndez@gmail.com,"San Juan 1775, Funes"
C1490,Agropecuaria San Nicolás SA,30-53684933-1,RESPONSABLE_INSCRIPTO,1500000,0341-4222170,compras@agropecuaria.com.ar,"Av. Provincias Unidas 3262, Pergamino"
C1491,Casa Acosta Automotores SRL,33-44723717-8,RESPONSABLE_INSCRIPTO,3000000,0341-154581968,compras@casaacostaau.com.ar,
C1492,Rectificadora Funes,33-80920279-3,RESPONSABLE_INSCRIPTO,5000000,0341-4682058,compras@rectificador.com.ar,
C1493,Lubricentro del Sur,20-46830571-3,MONOTRIBUTO,400000,0341-156427745,,"Av. Pellegrini 4801, Funes"
C1494,Gomería Correa,27-52159976-1,MONOTRIBUTO,300000,,gomeracorrea@gmail.com,"Tucumán 2635, Pergamino"
C1495,Álvarez Luis,23-74671883-7,MONOTRIBUTO,800000,0341-4602237,lvarezluis@gmail.com,"Av. Provincias Unidas 3797, Cañada de Gómez"
C1496,Transportes Funes SRL,33-34449854-2,RESPONSABLE_INSCRIPTO,1500000,,,
C1497,Taller Mecánico Ramírez,27-63413425-0,MONOTRIBUTO,300000,0341-155215716,,"Av. Provincias Unidas 226, Funes"
C1498,Godoy Marcelo,,CONSUMIDOR_FINAL,0,0341-4110907,,"Salta 4761, Pergamino"
C1499,Lubricentro del Centro,27-81893765-8,MONOTRIBUTO,200000,,,"Av. San Martín 1543, Funes"
C1500,Gomería Ríos,27-46657569-6,MONOTRIBUTO,300000,0341-153114429,,
C1501,Lubricentro Roldán,27-53835085-6,MONOTRIBUTO,200000,0341-154640087,lubricentrorol@gmail.com,"Av. Pellegrini 4760, Roldán"
C1502,Logística Godoy SA,30-99368345-7,RESPONSABLE_INSCRIPTO,2000000,0341-4489708,compras@logsticagodo.com.ar,
C1503,Rectificadora Funes,33-73269224-5,RESPONSABLE_INSCRIPTO,5000000,0341-154125885,compras@rectificador.com.ar,"Tucumán 2992, Funes"
C1504,Taller Ponce Hnos,23-20657946-3,MONOTRIBUTO,300000,0341-4395059,tallerponcehno@gmail.com,"Córdoba 3054, San Nicolás"
C1505,Transportes Oeste SRL,33-47782246-6,RESPONSABLE_INSCRIPTO,1500000,,compras@transporteso.com.ar,"Av. Francia 4620, San Nicolás"
C1506,Martínez Fernando,,CONSUMIDOR_FINAL,0,0341-4575630,,"Tucumán 375, Pergamino"
C1507,Gomería Rodríguez,27-72118988-6,MONOTRIBUTO,400000,0341-155681448,,
C1508,Peralta Claudio,,CONSUMIDOR_FINAL,0,0341-156546807,,"Santa Fe 169, Rosario"
C1509,Transporte Ferreyra SA,30-34507200-0,RESPONSABLE_INSCRIPTO,2000000,0341-153092562,,"Av. Alberdi 2002, Villa Gobernador Gálvez"
C1510,Acosta Rubén,,CONSUMIDOR_FINAL,0,0341-153849596,,"Ovidio Lagos 191, Funes"
C1511,Taller Mecánico Castro,20-93052752-2,MONOTRIBUTO,800000,0341-4847734,tallermecnicoc@gmail.com,"Santa Fe 4876, Cañada de Gómez"
C1512,Taller Mecánico Godoy,20-52687041-8,MONOTRIBUTO,800000,,tallermecnicog@gmail.com,
C1513,Pérez Leandro,,CONSUMIDOR_FINAL,0,0341-4770401,,
C1514,Casa Godoy Automotores SRL,30-24999531-9,RESPONSABLE_INSCRIPTO,5000000,0341-4541995,compras@casagodoyaut.com.ar,"Mendoza 1074, Casilda"
C1515,Rectificadora Pergamino,33-80453695-2,RESPONSABLE_INSCRIPTO,1500000,,compras@rectificador.com.ar,
C1516,Molina Claudio,,CONSUMIDOR_FINAL,0,0341-156604605,,"Santa Fe 4680, Roldán"
C1517,Silva Gabriela,,CONSUMIDOR_FINAL,0,0341-154067968,,"Rioja 2052, Rosario"
C1518,Gomería Gómez,20-99669596-5,MONOTRIBUTO,400000,0341-156620425,gomeragmez@gmail.com,"Tucumán 1924, San Nicolás"
C1519,Aguirre Cecilia,,CONSUMIDOR_FINAL,0,0341-4209671,,"Santa Fe 719, San Nicolás"
C1520,Logística Fernández SA,33-30883847-7,RESPONSABLE_INSCRIPTO,2000000,0341-4465034,,
C1521,Taller Mecánico Castro,23-12023310-6,MONOTRIBUTO,400000,0341-153552668,tallermecnicoc@gmail.com,"Av. Francia 1647, Casilda"
C1522,Gomería Acosta,27-79892100-8,MONOTRIBUTO,400000,,,"Tucumán 885, Funes"
C1523,Peralta Héctor,,CONSUMIDOR_FINAL,0,0341-4709254,,"Tucumán 3676, Pergamino"
C1524,Correa Nicolás,,CONSUMIDOR_FINAL,0,0341-155986956,,"Ovidio Lagos 4730, Villa Gobernador Gálvez"
C1525,Casa Giménez Automotores SRL,30-50822070-3,RESPONSABLE_INSCRIPTO,3000000,0341-154337496,compras@casagimnezau.com.ar,"Av. Alberdi 3353, Cañada de Gómez"
C1526,Transporte Moreno SA,30-90656042-5,RESPONSABLE_INSCRIPTO,2000000,0341-153388024,compras@transportemo.com.ar,"Santa Fe 4506, Pergamino"
C1527,Taller Mecánico García,27-53572912-9,MONOTRIBUTO,500000,0341-154150953,tallermecnicog@gmail.com,"Santa Fe 652, Villa Gobernador Gálvez"
C1528,Moreno Sergio,,CONSUMIDOR_FINAL,0,0341-4084889,,
C1529,García Marcelo,,CONSUMIDOR_FINAL,0,0341-4614505,,"Córdoba 4240, Rosario"
C1530,Torres Patricia,,CONSUMIDOR_FINAL,0,0341-155478952,,"Av. Francia 4786, Casilda"
C1531,Distribuidora Castro SRL,33-68993395-0,RESPONSABLE_INSCRIPTO,1500000,0341-154641776,compras@distribuidor.com.ar,"Santa Fe 3167, Pérez"
C1532,Silva Beatriz,20-63928682-8,MONOTRIBUTO,500000,,silvabeatriz@gmail.com,"27 de Febrero 3842, Villa Gobernador Gálvez"
C1533,Transportes Rosario SRL,30-56250182-3,RESPONSABLE_INSCRIPTO,1500000,0341-4025067,compras@transportesr.com.ar,"Av. San Martín 1466, Rosario"
C1534,Transporte García SA,33-17189622-9,RESPONSABLE_INSCRIPTO,3000000,0341-154811760,compras@transportega.com.ar,"Av. Provincias Unidas 4778, San Nicolás"
C1535,Castro Ana,,CONSUMIDOR_FINAL,0,0341-153207807,,"27 de Febrero 3551, Funes"
C1536,Casa Pérez Automotores SRL,30-73660146-6,RESPONSABLE_INSCRIPTO,1000000,0341-153970069,,"Av. Pellegrini 1178, San Nicolás"
C1537,Transportes del Sur SRL,33-37282566-4,RESPONSABLE_INSCRIPTO,5000000,0341-4336538,compras@transportesd.com.ar,"Salta 3276, San Lorenzo"
C1538,Gómez Mario,,CONSUMIDOR_FINAL,0,,,"San Juan 3792, Roldán"
C1539,Molina Nicolás,,CONSUMIDOR_FINAL,0,0341-4544108,,"San Juan 3588, Casilda"
C1540,Rodríguez Martín,23-49667756-0,MONOTRIBUTO,200000,0341-4013936,,"Tucumán 573, Cañada de Gómez"
C1541,Transportes Cañada de Gómez SRL,30-78907068-3,RESPONSABLE_INSCRIPTO,3000000,0341-4690430,compras@transportesc.com.ar,"Mendoza 4667, Pergamino"
C1542,Sosa Julio,,CONSUMIDOR_FINAL,0,0341-4796031,,"Córdoba 4554, Funes"
C1543,Álvarez Ricardo,,CONSUMIDOR_FINAL,0,0341-4622386,,
C1544,Agropecuaria del Litoral SA,33-96568291-6,RESPONSABLE_INSCRIPTO,5000000,0341-156519397,,"Av. San Martín 3111, Funes"
C1545,Taller Domínguez Hnos,27-41027443-9,MONOTRIBUTO,500000,0341-154691326,tallerdomnguez@gmail.com,"Bv. Oroño 4748, Roldán"
C1546,Transportes Rosario SRL,30-46056007-8,RESPONSABLE_INSCRIPTO,2000000,0341-154335358,,"Bv. Oroño 4881, San Lorenzo"
C1547,Logística Ponce SA,30-87035761-9,RESPONSABLE_INSCRIPTO,5000000,0341-156782790,,"Av. San Martín 2688, Pergamino"
C1548,Gómez Carlos,,CONSUMIDOR_FINAL,0,0341-4211048,,"Mendoza 3639, Funes"
C1549,Herrera Daniel,,CONSUMIDOR_FINAL,0,0341-4264361,,"Tucumán 1113, Pergamino"
C1550,Taller Giménez Hnos,23-87185970-1,MONOTRIBUTO,500000,0341-4775298,tallergimnezhn@gmail.com,"Av. Francia 1400, Roldán"
C1551,López Mónica,,CONSUMIDOR_FINAL,0,,,"Bv. Oroño 1301, San Lorenzo"
C1552,Distribuidora Flores SRL,30-20076232-7,RESPONSABLE_INSCRIPTO,1000000,0341-155245925,compras@distribuidor.com.ar,"Salta 4890, Cañada de Gómez"
C1553,Distribuidora Silva SRL,33-63959921-9,RESPONSABLE_INSCRIPTO,1500000,0341-154957293,compras@distribuidor.com.ar,"Av. San Martín 2463, Funes"
C1554,Transporte Ponce SA,30-49717944-7,RESPONSABLE_INSCRIPTO,1000000,0341-4221631,compras@transportepo.com.ar,"Tucumán 976, Rosario"
C1555,Peralta Romina,,CONSUMIDOR_FINAL,0,0341-4318238,,
C1556,Taller Luna Hnos,23-97989134-2,MONOTRIBUTO,200000,0341-153038584,tallerlunahnos@gmail.com,"27 de Febrero 124, Cañada de Gómez"
C1557,Gomería Ferreyra,20-69126268-6,MONOTRIBUTO,800000,0341-4119109,gomeraferreyra@gmail.com,"27 de Febrero 2784, Roldán"
C1558,Taller Mecánico Álvarez,20-69963149-4,MONOTRIBUTO,500000,0341-154300429,,"Santa Fe 3405, Rosario"
C1559,Acosta Oscar,,CONSUMIDOR_FINAL,0,0341-4503955,,"San Juan 3421, San Lorenzo"
C1560,Lubricentro del Litoral,27-48052104-3,MONOTRIBUTO,200000,0341-153449202,,"Salta 4446, Pergamino"
C1561,Maidana Silvia,,CONSUMIDOR_FINAL,0,0341-4059758,,
C1562,Distribuidora Ríos SRL,33-34087642-9,RESPONSABLE_INSCRIPTO,1000000,0341-4031695,compras@distribuidor.com.ar,"Ovidio Lagos 1320, Roldán"
C1563,Ferreyra Andrés,,CONSUMIDOR_FINAL,0,,,"Av. Francia 655, Pergamino"
C1564,Álvarez Gabriela,,CONSUMIDOR_FINAL,0,0341-4658691,,"Tucumán 1864, Roldán"
C1565,Flores Raúl,,CONSUMIDOR_FINAL,0,,,"Av. Provincias Unidas 2532, Pergamino"
C1566,Correa Mónica,20-86698551-1,MONOTRIBUTO,300000,0341-156906378,,"Mendoza 1434, Rosario"
C1567,Flores Jorge,,CONSUMIDOR_FINAL,0,0341-154780209,,"Av. Francia 4834, Cañada de Gómez"
C1568,Distribuidora Maidana SRL,33-61200350-0,RESPONSABLE_INSCRIPTO,1000000,,compras@distribuidor.com.ar,"Ovidio Lagos 771, Pergamino"
C1569,Casa Acosta Automotores SRL,30-29998942-5,RESPONSABLE_INSCRIPTO,1500000,0341-156051501,compras@casaacostaau.com.ar,"San Juan 4747, Casilda"
C1570,Agropecuaria Roldán SA,33-13297504-9,RESPONSABLE_INSCRIPTO,1500000,0341-156810244,,"San Juan 1575, Pérez"
C1571,Logística Acosta SA,33-14886473-5,RESPONSABLE_INSCRIPTO,1500000,0341-154072138,,"Av. Francia 3138, San Lorenzo"
C1572,Transporte Acosta SA,33-89028747-1,RESPONSABLE_INSCRIPTO,1000000,0341-4649564,,"27 de Febrero 2552, Villa Gobernador Gálvez"
C1573,Pérez Patricia,,CONSUMIDOR_FINAL,0,,,"Salta 4127, San Nicolás"
C1574,Núñez Mónica,,CONSUMIDOR_FINAL,0,,,
C1575,Logística Godoy SA,30-74075364-5,RESPONSABLE_INSCRIPTO,3000000,0341-155858889,compras@logsticagodo.com.ar,"Córdoba 847, Pergamino"
C1576,Transporte Peralta SA,33-94147402-6,RESPONSABLE_INSCRIPTO,2000000,0341-153416878,,"Av. Alberdi 4579, Pérez"
C1577,Rectificadora del Litoral,30-54291188-9,RESPONSABLE_INSCRIPTO,1500000,0341-4170076,compras@rectificador.com.ar,"Bv. Oroño 1397, Rosario"
C1578,Lubricentro Norte,23-24870322-9,MONOTRIBUTO,300000,0341-4728382,,"27 de Febrero 309, Funes"
C1579,Gómez Marcelo,,CONSUMIDOR_FINAL,0,0341-4094704,,"Av. Provincias Unidas 1702, Pérez"
C1580,Lubricentro Funes,23-65201780-0,MONOTRIBUTO,200000,0341-4693865,,
C1581,Villalba Ricardo,27-45388163-1,MONOTRIBUTO,400000,0341-4555830,villalbaricard@gmail.com,
C1582,Gomería Medina,23-22701518-7,MONOTRIBUTO,800000,0341-153739694,,
C1583,Fernández Jorge,,CONSUMIDOR_FINAL,0,0341-4343618,,"Salta 233, San Nicolás"
C1584,Flores Jorge,27-90937879-1,MONOTRIBUTO,400000,0341-156682131,floresjorge@gmail.com,"Av. Francia 679, Villa Gobernador Gálvez"
C1585,Aguirre Alejandra,,CONSUMIDOR_FINAL,0,0341-155903892,,"Av. Provincias Unidas 1822, Casilda"
C1586,Transporte Sosa SA,33-16059918-4,RESPONSABLE_INSCRIPTO,1500000,0341-4077457,compras@transporteso.com.ar,"Ovidio Lagos 4150, San Nicolás"
C1587,Godoy Mario,23-17425405-2,MONOTRIBUTO,400000,0341-4618236,,"Salta 2206, Cañada de Gómez"
C1588,Cabrera Ana,,CONSUMIDOR_FINAL,0,0341-154740162,,
C1589,Flores Verónica,,CONSUMIDOR_FINAL,0,,,"Mendoza 3019, Villa Gobernador Gálvez"
C1590,Gomería López,23-16676659-1,MONOTRIBUTO,800000,0341-153142335,gomeralpez@gmail.com,"Av. Francia 4143, Roldán"
C1591,Gomería Ponce,20-80323829-5,MONOTRIBUTO,300000,0341-155670560,gomeraponce@gmail.com,"Tucumán 2334, San Nicolás"
C1592,Benítez Luis,,CONSUMIDOR_FINAL,0,0341-153916261,,
C1593,Logística Peralta SA,30-31390648-1,RESPONSABLE_INSCRIPTO,5000000,0341-154098726,,"Mendoza 1214, San Nicolás"
C1594,Transporte Acosta SA,30-47916057-7,RESPONSABLE_INSCRIPTO,3000000,0341-156715628,compras@transporteac.com.ar,"Av. San Martín 967, Roldán"
C1595,Agropecuaria Casilda SA,33-40371304-5,RESPONSABLE_INSCRIPTO,1000000,0341-4380993,,"Av. Provincias Unidas 3323, Roldán"
C1596,Logística Sánchez SA,33-42638529-0,RESPONSABLE_INSCRIPTO,2000000,0341-155679289,compras@logsticasnch.com.ar,"Av. Pellegrini 3673, Rosario"
C1597,López Miguel,,CONSUMIDOR_FINAL,0,0341-156505839,,"Rioja 4665, San Nicolás"
C1598,Transporte Silva SA,33-13425736-4,RESPONSABLE_INSCRIPTO,3000000,0341-155312528,,"Av. Francia 1350, Funes"
C1599,Ríos Luis,,CONSUMIDOR_FINAL,0,0341-4313445,,"Córdoba 3229, Rosario"
C1600,Taller Vega Hnos,27-63817250-5,MONOTRIBUTO,200000,0341-4487764,tallervegahnos@gmail.com,"Mendoza 369, Casilda"
C1601,Transporte Benítez SA,30-50278994-1,RESPONSABLE_INSCRIPTO,1000000,,compras@transportebe.com.ar,"Av. Francia 1111, San Lorenzo"
C1602,Agropecuaria Funes SA,30-68734753-2,RESPONSABLE_INSCRIPTO,3000000,,,"Salta 842, Rosario"
C1603,Rectificadora Villa Constitución,30-96767756-2,RESPONSABLE_INSCRIPTO,2000000,0341-154562762,compras@rectificador.com.ar,"Tucumán 2670, Casilda"
C1604,Gomería Peralta,23-67019059-5,MONOTRIBUTO,500000,0341-154432296,,"27 de Febrero 1598, Roldán"
C1605,Agropecuaria Casilda SA,33-15472424-4,RESPONSABLE_INSCRIPTO,3000000,,compras@agropecuaria.com.ar,"Santa Fe 3987, Rosario"
C1606,Taller Mecánico Silva,27-76585068-7,MONOTRIBUTO,400000,0341-4239700,tallermecnicos@gmail.com,"Córdoba 1676, Pergamino"
C1607,Romero Alejandra,,CONSUMIDOR_FINAL,0,0341-4321993,,"Bv. Oroño 1310, Casilda"
C1608,Maidana Matías,23-10560751-2,MONOTRIBUTO,300000,0341-156575728,,"Bv. Oroño 4149, Roldán"
C1609,Lubricentro Roldán,20-83336337-9,MONOTRIBUTO,400000,0341-4285697,lubricentrorol@gmail.com,
C1610,Casa Martínez Automotores SRL,30-58477750-4,RESPONSABLE_INSCRIPTO,1500000,0341-4446508,compras@casamartneza.com.ar,"San Juan 1353, Rosario"
C1611,Núñez Carlos,,CONSUMIDOR_FINAL,0,0341-4385760,,"Salta 434, San Lorenzo"
C1612,Villalba Matías,,CONSUMIDOR_FINAL,0,0341-4588473,,"Rioja 4763, Villa Gobernador Gálvez"
C1613,Casa Rojas Automotores SRL,30-89716083-4,RESPONSABLE_INSCRIPTO,2000000,0341-154394203,compras@casarojasaut.com.ar,
C1614,Lubricentro Funes,27-28766334-5,MONOTRIBUTO,800000,0341-4222025,lubricentrofun@gmail.com,"Rioja 3348, Rosario"
C1615,Gomería Gómez,27-29593589-3,MONOTRIBUTO,300000,0341-153327983,,"Av. Provincias Unidas 287, Villa Gobernador Gálvez"
C1616,Transporte Sánchez SA,33-64199963-1,RESPONSABLE_INSCRIPTO,1000000,0341-4897064,,"Av. Provincias Unidas 1790, Pergamino"
C1617,Logística Molina SA,33-86636557-7,RESPONSABLE_INSCRIPTO,5000000,0341-4273591,compras@logsticamoli.com.ar,"San Juan 4132, Funes"
C1618,Transporte Aguirre SA,30-87585783-1,RESPONSABLE_INSCRIPTO,3000000,0341-154474720,compras@transporteag.com.ar,"Salta 3096, Roldán"
C1619,Taller Mecánico Luna,23-63911322-1,MONOTRIBUTO,200000,0341-4104069,,"Mendoza 784, Pérez"
C1620,Lubricentro Rosario,23-84196683-9,MONOTRIBUTO,200000,0341-4101218,,"Av. San Martín 1881, Pergamino"
C1621,Ríos Romina,,CONSUMIDOR_FINAL,0,0341-4831582,,"Av. Francia 2668, Roldán"
C1622,Gomería Acosta,23-40839532-1,MONOTRIBUTO,300000,0341-155714065,,"Córdoba 2859, Casilda"
C1623,Taller Luna Hnos,27-72953430-2,MONOTRIBUTO,400000,,,"27 de Febrero 2773, Rosario"
C1624,Taller Mecánico Ríos,20-10075215-9,MONOTRIBUTO,500000,,tallermecnicor@gmail.com,
C1625,Taller Medina Hnos,23-38046124-2,MONOTRIBUTO,200000,0341-4324682,tallermedinahn@gmail.com,"Av. Alberdi 252, Casilda"
C1626,Taller Mecánico Ríos,27-30466190-4,MONOTRIBUTO,500000,0341-156476993,,"Av. Pellegrini 2696, Funes"
C1627,Agropecuaria San Lorenzo SA,33-34105041-9,RESPONSABLE_INSCRIPTO,2000000,0341-4426128,compras@agropecuaria.com.ar,"Córdoba 3726, Pergamino"
C1628,García Matías,,CONSUMIDOR_FINAL,0,0341-153832878,,"Av. Provincias Unidas 2634, Pergamino"
C1629,Gomería Luna,27-76518745-7,MONOTRIBUTO,800000,0341-4399142,gomeraluna@gmail.com,"Av. San Martín 1134, Pergamino"
C1630,Rojas Mónica,,CONSUMIDOR_FINAL,0,0341-153793662,,"Bv. Oroño 1200, San Nicolás"
C1631,Taller Mecánico Maidana,20-30689768-4,MONOTRIBUTO,800000,0341-156341774,,"Mendoza 693, Roldán"
C1632,Gomería Luna,20-65602204-4,MONOTRIBUTO,200000,0341-154597929,gomeraluna@gmail.com,"Mendoza 1438, Funes"
C1633,Godoy Facundo,,CONSUMIDOR_FINAL,0,0341-153343840,,"Bv. Oroño 4478, San Lorenzo"
C1634,Transporte Núñez SA,30-39371469-3,RESPONSABLE_INSCRIPTO,3000000,0341-4810231,,"Salta 1320, Casilda"
C1635,Ferreyra Luis,,CONSUMIDOR_FINAL,0,0341-4019096,,"27 de Febrero 2343, Roldán"
C1636,Gomería Sánchez,23-29558873-9,MONOTRIBUTO,200000,0341-4346314,gomerasnchez@gmail.com,"Av. Provincias Unidas 1728, Casilda"
C1637,Casa Pérez Automotores SRL,33-18698998-3,RESPONSABLE_INSCRIPTO,2000000,0341-4274358,,"Av. Alberdi 612, San Nicolás"
C1638,Transporte Sosa SA,30-85657429-2,RESPONSABLE_INSCRIPTO,1500000,0341-4838171,compras@transporteso.com.ar,"Av. San Martín 243, Pergamino"
C1639,Flores Gabriela,27-88156254-0,MONOTRIBUTO,300000,,floresgabriela@gmail.com,"Mendoza 3033, San Nicolás"
C1640,Taller Cabrera Hnos,20-74372159-5,MONOTRIBUTO,200000,0341-4443657,tallercabrerah@gmail.com,"Av. Provincias Unidas 3998, Rosario"
C1641,Agropecuaria San Lorenzo SA,33-66230584-2,RESPONSABLE_INSCRIPTO,3000000,0341-156320784,compras@agropecuaria.com.ar,
C1642,Rectificadora Funes,30-23051227-9,RESPONSABLE_INSCRIPTO,3000000,,compras@rectificador.com.ar,"Av. San Martín 2948, Pérez"
C1643,Gomería Vega,27-36511288-1,MONOTRIBUTO,400000,0341-4038876,,
C1644,Logística Rodríguez SA,33-58875956-9,RESPONSABLE_INSCRIPTO,1500000,0341-156476802,compras@logsticarodr.com.ar,
C1645,Moreno Mario,,CONSUMIDOR_FINAL,0,0341-154619418,,"Mendoza 2269, Pérez"
C1646,Lubricentro Roldán,23-85610950-9,MONOTRIBUTO,800000,,,"Av. Francia 656, Pérez"
C1647,Maidana Diego,,CONSUMIDOR_FINAL,0,0341-153647139,,
C1648,Rectificadora San Nicolás,33-10155394-4,RESPONSABLE_INSCRIPTO,3000000,0341-156677991,compras@rectificador.com.ar,"27 de Febrero 424, Cañada de Gómez"
C1649,Torres Natalia,,CONSUMIDOR_FINAL,0,0341-154520284,,"San Juan 4255, Pérez"
C1650,Lubricentro Roldán,23-92417449-8,MONOTRIBUTO,500000,0341-4793144,lubricentrorol@gmail.com,"Av. San Martín 2768, Rosario"
C1651,Rectificadora Oeste,30-77977126-8,RESPONSABLE_INSCRIPTO,5000000,0341-4109839,compras@rectificador.com.ar,"Rioja 2807, San Lorenzo"
C1652,Rectificadora Rosario,30-38799988-0,RESPONSABLE_INSCRIPTO,3000000,0341-4885986,compras@rectificador.com.ar,
C1653,Transportes del Centro SRL,30-36479837-3,RESPONSABLE_INSCRIPTO,2000000,0341-4227112,compras@transportesd.com.ar,"Av. Provincias Unidas 4330, San Nicolás"
C1654,Lubricentro San Nicolás,20-94647853-9,MONOTRIBUTO,400000,0341-4544250,lubricentrosan@gmail.com,"Bv. Oroño 4459, Pergamino"
C1655,Gomería Benítez,27-71909532-7,MONOTRIBUTO,500000,0341-155515227,,"Av. Alberdi 2457, Roldán"
C1656,Transporte Molina SA,30-88763030-1,RESPONSABLE_INSCRIPTO,3000000,0341-155513627,,
C1657,Agropecuaria Villa Constitución SA,30-52934443-7,RESPONSABLE_INSCRIPTO,3000000,0341-4150104,compras@agropecuaria.com.ar,"Av. San Martín 4658, Funes"
C1658,Maidana Néstor,,CONSUMIDOR_FINAL,0,0341-4564324,,
C1659,Transportes Cañada de Gómez SRL,33-95378527-2,RESPONSABLE_INSCRIPTO,5000000,0341-4687483,compras@transportesc.com.ar,"Av. San Martín 2045, San Nicolás"
C1660,Transporte Gómez SA,30-34071016-5,RESPONSABLE_INSCRIPTO,1000000,0341-156404906,,
C1661,Sosa Roberto,,CONSUMIDOR_FINAL,0,0341-4666228,,"Santa Fe 4528, Pergamino"
C1662,Distribuidora Torres SRL,30-77539918-6,RESPONSABLE_INSCRIPTO,5000000,0341-155779094,,"Av. San Martín 1147, San Lorenzo"
C1663,Rectificadora Cañada de Gómez,30-27275929-0,RESPONSABLE_INSCRIPTO,1000000,0341-155526332,compras@rectificador.com.ar,"Ovidio Lagos 2821, Casilda"
C1664,Ríos Mónica,20-66788929-5,MONOTRIBUTO,500000,0341-4640950,rosmnica@gmail.com,"Av. Alberdi 446, Funes"
C1665,Distribuidora Núñez SRL,30-73519972-9,RESPONSABLE_INSCRIPTO,5000000,0341-4145006,compras@distribuidor.com.ar,"Ovidio Lagos 1761, Villa Gobernador Gálvez"
C1666,Taller Mecánico Herrera,20-27487004-5,MONOTRIBUTO,800000,,,"Santa Fe 653, San Lorenzo"
C1667,Casa Romero Automotores SRL,30-78899768-6,RESPONSABLE_INSCRIPTO,2000000,,,
C1668,Gomería Álvarez,20-69997519-3,MONOTRIBUTO,200000,,,"Santa Fe 3049, Cañada de Gómez"
C1669,Rodríguez Carla,,CONSUMIDOR_FINAL,0,0341-4871605,,"Av. Provincias Unidas 2736, Casilda"
C1670,Gomería Rodríguez,27-42686214-5,MONOTRIBUTO,400000,0341-4033968,,
C1671,Distribuidora Romero SRL,30-59133783-8,RESPONSABLE_INSCRIPTO,1000000,0341-4475764,compras@distribuidor.com.ar,"Ovidio Lagos 761, Rosario"
C1672,Logística Benítez SA,33-34464504-9,RESPONSABLE_INSCRIPTO,3000000,0341-4582895,compras@logsticabent.com.ar,"Salta 4337, Roldán"
C1673,López Silvia,27-84803091-6,MONOTRIBUTO,300000,0341-4875832,lpezsilvia@gmail.com,
C1674,Herrera Néstor,20-87209352-5,MONOTRIBUTO,500000,0341-155245387,herreranstor@gmail.com,"Mendoza 1748, Roldán"
C1675,Rodríguez Néstor,,CONSUMIDOR_FINAL,0,0341-154924565,,
C1676,Taller Ramírez Hnos,20-94610603-9,MONOTRIBUTO,800000,0341-4777370,tallerramrezhn@gmail.com,"Córdoba 987, Funes"
C1677,Molina Silvia,,CONSUMIDOR_FINAL,0,0341-4240844,,"Mendoza 2866, Pérez"
C1678,Transporte Fernández SA,33-12938668-7,RESPONSABLE_INSCRIPTO,5000000,,,"San Juan 989, Rosario"
C1679,Acosta Martín,,CONSUMIDOR_FINAL,0,0341-153946887,,"Santa Fe 4288, San Nicolás"
C1680,Romero Diego,,CONSUMIDOR_FINAL,0,0341-155951523,,
C1681,Rectificadora del Sur,33-72720125-9,RESPONSABLE_INSCRIPTO,5000000,0341-4096976,compras@rectificador.com.ar,"Santa Fe 3233, Rosario"
C1682,Ferreyra Susana,27-75944750-1,MONOTRIBUTO,800000,0341-155405743,ferreyrasusana@gmail.com,
C1683,Taller Herrera Hnos,20-10312407-8,MONOTRIBUTO,800000,0341-4123994,tallerherrerah@gmail.com,"Santa Fe 215, Cañada de Gómez"
C1684,Agropecuaria del Centro SA,30-18598929-8,RESPONSABLE_INSCRIPTO,3000000,,compras@agropecuaria.com.ar,"Santa Fe 491, San Nicolás"
C1685,Distribuidora Martínez SRL,33-33150142-0,RESPONSABLE_INSCRIPTO,2000000,0341-153353386,compras@distribuidor.com.ar,
C1686,Casa Álvarez Automotores SRL,30-17960638-7,RESPONSABLE_INSCRIPTO,1500000,0341-4719557,compras@casalvarezau.com.ar,"Av. Francia 1431, San Lorenzo"
C1687,Gomería Ramírez,27-21723413-7,MONOTRIBUTO,300000,0341-154738044,,"Av. Pellegrini 294, San Nicolás"
C1688,Logística Godoy SA,33-28497296-7,RESPONSABLE_INSCRIPTO,1500000,0341-153851733,,
C1689,Pérez Mónica,,CONSUMIDOR_FINAL,0,0341-154069079,,"Av. Alberdi 397, Casilda"
C1690,Lubricentro del Sur,27-82285880-0,MONOTRIBUTO,800000,0341-154323565,lubricentrodel@gmail.com,
C1691,Transporte López SA,30-54467448-6,RESPONSABLE_INSCRIPTO,3000000,0341-4034453,compras@transportelp.com.ar,"San Juan 1336, Villa Gobernador Gálvez"
C1692,Cabrera Fernando,,CONSUMIDOR_FINAL,0,0341-155828960,,"Santa Fe 2375, Casilda"
C1693,Transporte Castro SA,30-58456950-2,RESPONSABLE_INSCRIPTO,1000000,,compras@transporteca.com.ar,"Mendoza 2450, Rosario"
C1694,Fernández Mario,,CONSUMIDOR_FINAL,0,0341-156816954,,"Salta 1359, Villa Gobernador Gálvez"
C1695,Logística Ponce SA,33-55855020-7,RESPONSABLE_INSCRIPTO,1000000,,compras@logsticaponc.com.ar,"Tucumán 1749, Villa Gobernador Gálvez"
C1696,Distribuidora Moreno SRL,30-50782486-9,RESPONSABLE_INSCRIPTO,3000000,0341-4044673,,"Tucumán 2402, Rosario"
C1697,Gomería Giménez,20-28084328-9,MONOTRIBUTO,400000,0341-156583825,gomeragimnez@gmail.com,"San Juan 1551, San Nicolás"
C1698,Rectificadora Rosario,33-93961405-8,RESPONSABLE_INSCRIPTO,3000000,0341-4369325,,"Ovidio Lagos 1680, Casilda"
C1699,García Andrés,,CONSUMIDOR_FINAL,0,0341-153688911,,"Rioja 2045, Funes"
C1700,Ortiz Miguel,,CONSUMIDOR_FINAL,0,0341-156959743,,"Santa Fe 816, Roldán"
C1701,Lubricentro del Centro,27-33079253-7,MONOTRIBUTO,800000,0341-154184454,,"Av. San Martín 1465, San Lorenzo"
C1702,Acosta Facundo,,CONSUMIDOR_FINAL,0,0341-4092745,,
C1703,Rectificadora Pergamino,30-32318565-0,RESPONSABLE_INSCRIPTO,1000000,0341-4667935,compras@rectificador.com.ar,
C1704,Transportes Norte SRL,30-13394572-1,RESPONSABLE_INSCRIPTO,2000000,0341-4856244,compras@transportesn.com.ar,"Salta 3736, Pérez"
C1705,Logística Villalba SA,33-45451687-2,RESPONSABLE_INSCRIPTO,3000000,0341-4859124,compras@logsticavill.com.ar,
C1706,Taller Mecánico Ferreyra,27-37235958-2,MONOTRIBUTO,800000,0341-153315517,,
C1707,Distribuidora Ponce SRL,33-35627962-5,RESPONSABLE_INSCRIPTO,3000000,0341-155891828,compras@distribuidor.com.ar,"27 de Febrero 1193, Rosario"
C1708,Aguirre Franco,,CONSUMIDOR_FINAL,0,0341-153645436,,"Tucumán 4761, Cañada de Gómez"
C1709,Ferreyra Luis,,CONSUMIDOR_FINAL,0,0341-4358721,,"Av. Alberdi 4575, Cañada de Gómez"
C1710,Taller Mecánico Álvarez,27-37684266-0,MONOTRIBUTO,400000,0341-154881630,tallermecnicol@gmail.com,"Córdoba 449, Casilda"
C1711,Agropecuaria del Sur SA,30-13341121-2,RESPONSABLE_INSCRIPTO,1500000,0341-153690235,,
C1712,Ríos Romina,,CONSUMIDOR_FINAL,0,0341-153136585,,"Rioja 2820, Villa Gobernador Gálvez"
C1713,Medina Federico,20-19395300-0,MONOTRIBUTO,400000,0341-155412356,medinafederico@gmail.com,"27 de Febrero 3223, Rosario"
C1714,Casa Godoy Automotores SRL,30-24484920-9,RESPONSABLE_INSCRIPTO,1500000,0341-153991507,,"San Juan 2002, Casilda"
C1715,Logística Medina SA,33-89387683-4,RESPONSABLE_INSCRIPTO,1500000,0341-4341580,compras@logsticamedi.com.ar,"Mendoza 3394, Cañada de Gómez"
C1716,Casa Herrera Automotores SRL,30-23067121-0,RESPONSABLE_INSCRIPTO,1000000,,,"Salta 4377, Villa Gobernador Gálvez"
C1717,Gomería Cabrera,20-35696709-8,MONOTRIBUTO,800000,,,"Ovidio Lagos 4216, Casilda"
C1718,Agropecuaria Rosario SA,33-90026811-9,RESPONSABLE_INSCRIPTO,1500000,0341-154941904,compras@agropecuaria.com.ar,"Av. Provincias Unidas 1517, San Lorenzo"
C1719,Taller Ortiz Hnos,27-82344080-9,MONOTRIBUTO,500000,0341-153902995,tallerortizhno@gmail.com,
C1720,Transporte Sánchez SA,30-56521138-9,RESPONSABLE_INSCRIPTO,1000000,0341-4862024,compras@transportesn.com.ar,
C1721,Transportes Rosario SRL,30-78414855-2,RESPONSABLE_INSCRIPTO,5000000,0341-153749734,compras@transportesr.com.ar,
C1722,Casa Núñez Automotores SRL,30-32842004-6,RESPONSABLE_INSCRIPTO,2000000,0341-4326078,compras@casanezautom.com.ar,"27 de Febrero 1598, Villa Gobernador Gálvez"
C1723,Moreno Claudio,,CONSUMIDOR_FINAL,0,0341-4563887,,"Tucumán 4799, Pérez"
C1724,Ramírez Natalia,23-54838489-3,MONOTRIBUTO,800000,0341-154038685,,
C1725,Ríos Ricardo,23-27614265-8,MONOTRIBUTO,200000,0341-4509093,rosricardo@gmail.com,"Tucumán 4371, San Nicolás"
C1726,Distribuidora Rojas SRL,30-27225507-1,RESPONSABLE_INSCRIPTO,2000000,0341-4212405,compras@distribuidor.com.ar,
C1727,Aguirre Andrés,20-61004030-7,MONOTRIBUTO,200000,0341-155203682,,"Salta 2442, San Nicolás"
C1728,Agropecuaria Oeste SA,33-18883399-9,RESPONSABLE_INSCRIPTO,3000000,0341-4545815,compras@agropecuaria.com.ar,"Av. Pellegrini 3290, Cañada de Gómez"
C1729,Distribuidora Maidana SRL,33-85341351-3,RESPONSABLE_INSCRIPTO,3000000,0341-4359642,compras@distribuidor.com.ar,"Av. Provincias Unidas 840, Rosario"
C1730,Agropecuaria Funes SA,33-65472608-1,RESPONSABLE_INSCRIPTO,5000000,0341-156119256,,"San Juan 4386, Roldán"
C1731,Casa López Automotores SRL,33-98098182-2,RESPONSABLE_INSCRIPTO,1500000,0341-155454452,compras@casalpezauto.com.ar,"Av. Pellegrini 3582, Villa Gobernador Gálvez"
C1732,Domínguez Laura,,CONSUMIDOR_FINAL,0,0341-156925458,,
C1733,Taller Mecánico Aguirre,27-52354863-3,MONOTRIBUTO,400000,0341-153648851,,
C1734,Domínguez Diego,,CONSUMIDOR_FINAL,0,0341-4382152,,"Av. San Martín 2042, San Nicolás"
C1735,Fernández Carla,,CONSUMIDOR_FINAL,0,0341-154754666,,"Av. Alberdi 4653, Rosario"
C1736,Taller Mecánico Cabrera,20-65350412-9,MONOTRIBUTO,400000,0341-4199868,,
C1737,Rectificadora San Nicolás,30-87323077-7,RESPONSABLE_INSCRIPTO,1500000,0341-156290780,compras@rectificador.com.ar,"Av. Francia 816, Cañada de Gómez"
C1738,Luna Julio,,CONSUMIDOR_FINAL,0,0341-156688979,,"27 de Febrero 2951, Funes"
C1739,Distribuidora Gómez SRL,30-16213626-3,RESPONSABLE_INSCRIPTO,2000000,,compras@distribuidor.com.ar,"Av. Pellegrini 1368, Cañada de Gómez"
C1740,Agropecuaria Norte SA,33-23175933-1,RESPONSABLE_INSCRIPTO,3000000,0341-4689012,compras@agropecuaria.com.ar,
C1741,Lubricentro del Centro,20-48016066-6,MONOTRIBUTO,800000,0341-4149049,lubricentrodel@gmail.com,"Av. Francia 335, Villa Gobernador Gálvez"
C1742,Agropecuaria Funes SA,30-26945658-9,RESPONSABLE_INSCRIPTO,3000000,0341-156437506,compras@agropecuaria.com.ar,"Mendoza 1126, San Nicolás"
C1743,Distribuidora Luna SRL,30-47010966-8,RESPONSABLE_INSCRIPTO,1000000,0341-4540264,compras@distribuidor.com.ar,"Rioja 3282, Villa Gobernador Gálvez"
C1744,Taller Mecánico Sosa,23-60185881-9,MONOTRIBUTO,200000,0341-4680839,,"Córdoba 1432, San Lorenzo"
C1745,Villalba Gustavo,,CONSUMIDOR_FINAL,0,0341-4034012,,"Av. Pellegrini 3278, San Lorenzo"
C1746,Taller Domínguez Hnos,20-73350600-9,MONOTRIBUTO,300000,0341-154108194,tallerdomnguez@gmail.com,"Mendoza 720, Cañada de Gómez"
C1747,Gomería Ortiz,20-72114819-0,MONOTRIBUTO,300000,0341-4131780,gomeraortiz@gmail.com,"Tucumán 3923, Casilda"
C1748,Ponce Héctor,,CONSUMIDOR_FINAL,0,0341-153202816,,"Salta 2015, Pergamino"
C1749,Casa Maidana Automotores SRL,30-18924709-1,RESPONSABLE_INSCRIPTO,2000000,0341-4571923,compras@casamaidanaa.com.ar,"Córdoba 4338, Pérez"
C1750,Moreno Beatriz,27-10309923-9,MONOTRIBUTO,200000,0341-154916481,,"Mendoza 473, San Nicolás"
C1751,Casa Giménez Automotores SRL,33-19102301-9,RESPONSABLE_INSCRIPTO,1500000,0341-4209736,compras@casagimnezau.com.ar,"Mendoza 3535, Cañada de Gómez"
C1752,Transportes del Centro SRL,30-91682478-1,RESPONSABLE_INSCRIPTO,1500000,0341-4276817,compras@transportesd.com.ar,
C1753,Moreno Cristian,,CONSUMIDOR_FINAL,0,,,"Av. Provincias Unidas 4240, Pergamino"
C1754,Acosta Jorge,27-22223863-9,MONOTRIBUTO,500000,0341-155009077,,"Rioja 132, Funes"
C1755,Molina Patricia,,CONSUMIDOR_FINAL,0,0341-156339763,,"Av. Pellegrini 2428, Cañada de Gómez"
C1756,Transportes Roldán SRL,33-85258175-7,RESPONSABLE_INSCRIPTO,5000000,0341-4717789,compras@transportesr.com.ar,"Av. Provincias Unidas 453, Pérez"
C1757,Gomería Ferreyra,27-68477053-0,MONOTRIBUTO,300000,0341-4561183,,"Córdoba 2477, Funes"
C1758,Vega Andrés,,CONSUMIDOR_FINAL,0,0341-156217444,,"Av. San Martín 4715, San Lorenzo"
C1759,Logística Silva SA,30-52880495-7,RESPONSABLE_INSCRIPTO,1000000,0341-156981495,compras@logsticasilv.com.ar,"San Juan 2015, Casilda"
C1760,Agropecuaria del Litoral SA,33-56854915-0,RESPONSABLE_INSCRIPTO,3000000,0341-154256208,compras@agropecuaria.com.ar,"Córdoba 1891, Funes"
C1761,Flores Gustavo,,CONSUMIDOR_FINAL,0,0341-153999398,,"Mendoza 1470, Cañada de Gómez"
C1762,Cabrera Carla,,CONSUMIDOR_FINAL,0,0341-4095841,,"Tucumán 3610, Roldán"
C1763,Logística Rodríguez SA,33-56277546-9,RESPONSABLE_INSCRIPTO,3000000,0341-4294815,,"Av. Provincias Unidas 1385, Pergamino"
C1764,García Mario,20-89083222-9,MONOTRIBUTO,800000,0341-4754241,garcamario@gmail.com,"Av. San Martín 3011, Cañada de Gómez"
C1765,Ortiz Franco,23-92709323-5,MONOTRIBUTO,400000,0341-4050660,ortizfranco@gmail.com,"Av. Alberdi 4230, Casilda"
C1766,Distribuidora Fernández SRL,33-63126285-1,RESPONSABLE_INSCRIPTO,1500000,0341-4239769,compras@distribuidor.com.ar,"Tucumán 3544, Pergamino"
C1767,Sánchez Mario,,CONSUMIDOR_FINAL,0,0341-4158769,,"Ovidio Lagos 2384, Funes"
C1768,Casa Sosa Automotores SRL,33-60469616-5,RESPONSABLE_INSCRIPTO,1500000,0341-4503063,compras@casasosaauto.com.ar,
C1769,Distribuidora Moreno SRL,33-68263448-6,RESPONSABLE_INSCRIPTO,1000000,0341-153660787,compras@distribuidor.com.ar,"Córdoba 2042, Funes"
C1770,Gomería Ruiz,23-10005271-7,MONOTRIBUTO,800000,0341-4692619,,
C1771,Taller Mecánico Medina,20-27692844-9,MONOTRIBUTO,200000,0341-155834478,,"Salta 4333, Pergamino"
C1772,Transportes Funes SRL,30-62910941-9,RESPONSABLE_INSCRIPTO,1000000,,compras@transportesf.com.ar,"Ovidio Lagos 4768, Casilda"
C1773,Lubricentro Cañada de Gómez,20-53719881-9,MONOTRIBUTO,200000,,lubricentrocaa@gmail.com,"Av. Pellegrini 2040, Pérez"
C1774,Castro Marcelo,,CONSUMIDOR_FINAL,0,0341-4543400,,"27 de Febrero 2371, Rosario"
C1775,Pérez Ana,20-13235795-2,MONOTRIBUTO,400000,,prezana@gmail.com,"Av. Francia 1726, Rosario"
C1776,Molina Gustavo,23-67716790-4,MONOTRIBUTO,500000,0341-4614068,,
C1777,Ramírez Sandra,,CONSUMIDOR_FINAL,0,0341-154905784,,"Ovidio Lagos 2100, Pergamino"
C1778,Taller Mecánico Ramírez,20-56708235-1,MONOTRIBUTO,400000,0341-153911337,,"San Juan 2000, Roldán"
C1779,Logística Maidana SA,30-88995252-7,RESPONSABLE_INSCRIPTO,1500000,0341-4827848,compras@logsticamaid.com.ar,"Mendoza 4087, Funes"
C1780,Rectificadora Villa Constitución,33-71936766-1,RESPONSABLE_INSCRIPTO,3000000,0341-4186960,compras@rectificador.com.ar,
C1781,Martínez Carlos,,CONSUMIDOR_FINAL,0,0341-4335033,,"Santa Fe 4725, Cañada de Gómez"
C1782,Distribuidora Maidana SRL,33-31130741-5,RESPONSABLE_INSCRIPTO,3000000,0341-154537198,,"Rioja 2762, Pérez"
C1783,Romero Carlos,,CONSUMIDOR_FINAL,0,0341-4207698,,"Córdoba 2670, Pergamino"
C1784,Casa Aguirre Automotores SRL,33-43278096-7,RESPONSABLE_INSCRIPTO,3000000,0341-4774137,compras@casaaguirrea.com.ar,"Salta 3205, Cañada de Gómez"
C1785,Benítez Ricardo,,CONSUMIDOR_FINAL,0,0341-4666243,,"Tucumán 1017, Pergamino"
C1786,Correa Leandro,,CONSUMIDOR_FINAL,0,,,
C1787,Villalba Sergio,23-99574166-0,MONOTRIBUTO,800000,0341-155421389,,"Mendoza 3621, Pérez"
C1788,Ríos Cristian,,CONSUMIDOR_FINAL,0,,,"Bv. Oroño 1126, Casilda"
C1789,Herrera Natalia,,CONSUMIDOR_FINAL,0,0341-4169914,,"Av. Provincias Unidas 4748, Cañada de Gómez"
C1790,Gomería Moreno,20-25234730-6,MONOTRIBUTO,400000,0341-154190151,,"Av. San Martín 4360, San Lorenzo"
C1791,Silva Natalia,23-19922213-9,MONOTRIBUTO,200000,,,"Av. Francia 2259, Villa Gobernador Gálvez"
C1792,Transporte Moreno SA,33-86821614-5,RESPONSABLE_INSCRIPTO,5000000,0341-155790808,,"Rioja 2730, Villa Gobernador Gálvez"
C1793,Domínguez Cecilia,,CONSUMIDOR_FINAL,0,0341-153406699,,"Ovidio Lagos 1388, San Nicolás"
C1794,Benítez Susana,,CONSUMIDOR_FINAL,0,0341-156102697,,"Salta 565, Casilda"
C1795,Agropecuaria Oeste SA,33-32472161-9,RESPONSABLE_INSCRIPTO,1500000,0341-153935046,compras@agropecuaria.com.ar,"Santa Fe 4134, Pergamino"
C1796,Agropecuaria del Litoral SA,33-89859367-9,RESPONSABLE_INSCRIPTO,2000000,0341-4301365,compras@agropecuaria.com.ar,"Tucumán 701, Funes"
C1797,Ferreyra Patricia,,CONSUMIDOR_FINAL,0,,,"Mendoza 3652, Casilda"
C1798,Rectificadora del Sur,33-25679218-9,RESPONSABLE_INSCRIPTO,1500000,,compras@rectificador.com.ar,"Salta 3241, Roldán"
C1799,Gomería Sosa,20-19807093-9,MONOTRIBUTO,400000,0341-4613379,gomerasosa@gmail.com,"Av. Pellegrini 565, Cañada de Gómez"
C1800,Distribuidora Torres SRL,33-30849236-8,RESPONSABLE_INSCRIPTO,2000000,0341-4859788,,"Av. San Martín 435, Villa Gobernador Gálvez"
C1801,Agropecuaria del Sur SA,33-98507004-6,RESPONSABLE_INSCRIPTO,5000000,0341-4205789,,"Ovidio Lagos 2580, Pérez"
C1802,Peralta Rubén,,CONSUMIDOR_FINAL,0,0341-155023300,,"Rioja 4069, Cañada de Gómez"
C1803,Logística Fernández SA,33-85660203-1,RESPONSABLE_INSCRIPTO,3000000,0341-155100848,,"Córdoba 396, Roldán"
C1804,Distribuidora Gómez SRL,30-87106069-6,RESPONSABLE_INSCRIPTO,3000000,0341-154624463,compras@distribuidor.com.ar,"Av. Francia 4834, Rosario"
C1805,Transportes Rosario SRL,33-81632009-2,RESPONSABLE_INSCRIPTO,1500000,0341-153668965,compras@transportesr.com.ar,"27 de Febrero 4854, Cañada de Gómez"
C1806,Taller Mecánico Villalba,23-94111609-4,MONOTRIBUTO,500000,0341-4771938,tallermecnicov@gmail.com,"Av. Pellegrini 3984, Rosario"
C1807,Villalba Sergio,23-21094351-9,MONOTRIBUTO,200000,0341-154226316,villalbasergio@gmail.com,"Bv. Oroño 3807, San Nicolás"
C1808,Taller Mecánico Benítez,20-19224097-3,MONOTRIBUTO,200000,0341-4841488,,"Av. Pellegrini 2102, Pergamino"
C1809,Casa Correa Automotores SRL,30-76158351-0,RESPONSABLE_INSCRIPTO,2000000,0341-4547323,compras@casacorreaau.com.ar,"Av. Alberdi 2673, San Lorenzo"
C1810,Lubricentro Funes,20-23739053-9,MONOTRIBUTO,500000,,lubricentrofun@gmail.com,"Av. Provincias Unidas 2548, Villa Gobernador Gálvez"
C1811,Ruiz Franco,27-86807795-1,MONOTRIBUTO,400000,,,"Av. Francia 2153, Casilda"
C1812,Flores Alejandra,,CONSUMIDOR_FINAL,0,0341-153306023,,"Tucumán 928, Villa Gobernador Gálvez"
C1813,Rectificadora Villa Constitución,30-55699693-4,RESPONSABLE_INSCRIPTO,1500000,0341-153179494,compras@rectificador.com.ar,"San Juan 3520, Casilda"
C1814,Transporte Sosa SA,33-24651138-7,RESPONSABLE_INSCRIPTO,1000000,0341-4281438,compras@transporteso.com.ar,
C1815,Gómez Gustavo,,CONSUMIDOR_FINAL,0,0341-4539954,,"Av. Alberdi 3809, Pergamino"
C1816,Rectificadora Oeste,33-73560421-5,RESPONSABLE_INSCRIPTO,3000000,0341-154668329,compras@rectificador.com.ar,"27 de Febrero 713, Pergamino"
C1817,Taller Mecánico Torres,20-71583016-8,MONOTRIBUTO,200000,,,"Av. Pellegrini 4085, Pérez"
C1818,Transportes Rosario SRL,30-88134925-2,RESPONSABLE_INSCRIPTO,3000000,0341-153737718,compras@transportesr.com.ar,"Santa Fe 449, Rosario"
C1819,Transporte Luna SA,30-22708092-9,RESPONSABLE_INSCRIPTO,1000000,,compras@transportelu.com.ar,
C1820,Taller Sosa Hnos,23-76430838-7,MONOTRIBUTO,300000,0341-155514192,,"San Juan 1570, Pérez"
C1821,Aguirre Néstor,,CONSUMIDOR_FINAL,0,0341-4573610,,"Tucumán 4484, Pérez"
C1822,Gomería Luna,27-72975206-7,MONOTRIBUTO,400000,0341-155562593,,"Av. Provincias Unidas 4754, Villa Gobernador Gálvez"
C1823,Taller Mecánico Benítez,23-74523467-4,MONOTRIBUTO,500000,0341-4516615,tallermecnicob@gmail.com,"Av. Provincias Unidas 1982, Rosario"
C1824,Casa Álvarez Automotores SRL,33-11791875-6,RESPONSABLE_INSCRIPTO,1000000,0341-4116876,,"Tucumán 612, Pérez"
C1825,Distribuidora Giménez SRL,30-24344680-1,RESPONSABLE_INSCRIPTO,3000000,0341-4212346,compras@distribuidor.com.ar,"Santa Fe 1338, Roldán"
C1826,Medina Gustavo,,CONSUMIDOR_FINAL,0,,,
C1827,Distribuidora Ferreyra SRL,30-22644838-8,RESPONSABLE_INSCRIPTO,1500000,0341-155311118,compras@distribuidor.com.ar,"Rioja 1067, San Lorenzo"
C1828,Luna Cecilia,,CONSUMIDOR_FINAL,0,,,"Tucumán 1444, Villa Gobernador Gálvez"
C1829,Transporte Castro SA,33-10141797-8,RESPONSABLE_INSCRIPTO,1000000,0341-155786963,compras@transporteca.com.ar,
C1830,Lubricentro Norte,20-78557391-9,MONOTRIBUTO,300000,0341-156355732,,"Ovidio Lagos 4404, San Nicolás"
C1831,Distribuidora Ponce SRL,33-23646693-6,RESPONSABLE_INSCRIPTO,2000000,0341-4815370,compras@distribuidor.com.ar,"Av. Francia 617, San Nicolás"
C1832,Aguirre Julio,27-53580917-3,MONOTRIBUTO,300000,,aguirrejulio@gmail.com,"Rioja 2920, Cañada de Gómez"
C1833,Agropecuaria San Lorenzo SA,30-71294485-0,RESPONSABLE_INSCRIPTO,1500000,0341-4585644,compras@agropecuaria.com.ar,
C1834,Transporte Domínguez SA,30-18528351-4,RESPONSABLE_INSCRIPTO,1500000,0341-154139509,compras@transportedo.com.ar,"27 de Febrero 759, San Nicolás"
C1835,Molina Oscar,,CONSUMIDOR_FINAL,0,0341-4071277,,"Mendoza 4564, Pérez"
C1836,Rectificadora Norte,33-34414776-6,RESPONSABLE_INSCRIPTO,5000000,0341-154305829,compras@rectificador.com.ar,"Av. Provincias Unidas 3019, Pergamino"
C1837,Taller Luna Hnos,20-23123105-7,MONOTRIBUTO,400000,0341-4494688,tallerlunahnos@gmail.com,"Tucumán 893, Villa Gobernador Gálvez"
C1838,Romero Miguel,,CONSUMIDOR_FINAL,0,0341-154146431,,"Av. Pellegrini 2281, Casilda"
C1839,Ruiz Sandra,,CONSUMIDOR_FINAL,0,0341-155154017,,"Córdoba 1691, Pérez"
C1840,Transportes del Centro SRL,30-25563639-8,RESPONSABLE_INSCRIPTO,5000000,0341-156420430,compras@transportesd.com.ar,
C1841,Ruiz Juan,23-28718705-9,MONOTRIBUTO,200000,0341-4311555,ruizjuan@gmail.com,"San Juan 4781, San Nicolás"
C1842,Transporte Villalba SA,30-19114498-4,RESPONSABLE_INSCRIPTO,1000000,0341-4323137,,"Av. Pellegrini 1830, Funes"
C1843,Maidana Rubén,,CONSUMIDOR_FINAL,0,0341-4446701,,"Bv. Oroño 4047, Casilda"
C1844,Agropecuaria Cañada de Gómez SA,33-77318590-0,RESPONSABLE_INSCRIPTO,1000000,0341-4679699,compras@agropecuaria.com.ar,
C1845,Distribuidora Gómez SRL,30-57208330-2,RESPONSABLE_INSCRIPTO,1000000,0341-154617020,,"Mendoza 4835, Casilda"
C1846,Logística Herrera SA,30-47447110-8,RESPONSABLE_INSCRIPTO,2000000,0341-4050687,compras@logsticaherr.com.ar,"Av. Francia 3747, Casilda"
C1847,Lubricentro Pergamino,23-44380540-0,MONOTRIBUTO,400000,0341-156302115,lubricentroper@gmail.com,"Salta 344, Pergamino"
C1848,Gomería Rojas,27-70650066-4,MONOTRIBUTO,800000,0341-4729110,,"Av. San Martín 2079, Pérez"
C1849,Taller Mecánico Fernández,27-71847287-9,MONOTRIBUTO,400000,0341-153932258,,
C1850,Martínez Luis,,CONSUMIDOR_FINAL,0,0341-4666626,,"Av. Francia 4390, Pérez"
C1851,Gomería Luna,27-51347080-6,MONOTRIBUTO,800000,0341-4234929,gomeraluna@gmail.com,"Av. Alberdi 876, Pérez"
C1852,Agropecuaria del Sur SA,33-70824836-9,RESPONSABLE_INSCRIPTO,3000000,,compras@agropecuaria.com.ar,"Ovidio Lagos 4878, San Nicolás"
C1853,Taller Mecánico Sánchez,27-54334253-5,MONOTRIBUTO,400000,0341-4333536,,"Tucumán 2215, Villa Gobernador Gálvez"
C1854,Transporte Ortiz SA,33-95264643-0,RESPONSABLE_INSCRIPTO,1500000,0341-153756254,compras@transporteor.com.ar,"San Juan 2831, Casilda"
C1855,Lubricentro San Nicolás,20-45307678-5,MONOTRIBUTO,800000,0341-4514380,,"Bv. Oroño 3512, Pérez"
C1856,Gomería Silva,27-36424797-9,MONOTRIBUTO,800000,0341-153011620,gomerasilva@gmail.com,
C1857,Transportes Cañada de Gómez SRL,30-83554976-9,RESPONSABLE_INSCRIPTO,2000000,0341-154136468,compras@transportesc.com.ar,
C1858,Agropecuaria Cañada de Gómez SA,30-63832478-0,RESPONSABLE_INSCRIPTO,3000000,0341-4178227,compras@agropecuaria.com.ar,"Salta 1704, Villa Gobernador Gálvez"
C1859,Agropecuaria San Nicolás SA,30-28486020-5,RESPONSABLE_INSCRIPTO,3000000,,compras@agropecuaria.com.ar,
C1860,Romero Mario,,CONSUMIDOR_FINAL,0,0341-154861804,,
C1861,Medina Matías,,CONSUMIDOR_FINAL,0,0341-156789628,,"Av. San Martín 622, San Nicolás"
C1862,Distribuidora Peralta SRL,33-33194809-3,RESPONSABLE_INSCRIPTO,2000000,0341-154294601,compras@distribuidor.com.ar,"Rioja 3877, Roldán"
C1863,Agropecuaria Rosario SA,33-38174222-4,RESPONSABLE_INSCRIPTO,2000000,0341-4064956,compras@agropecuaria.com.ar,
C1864,Transportes San Nicolás SRL,30-77489657-7,RESPONSABLE_INSCRIPTO,2000000,0341-156122426,compras@transportess.com.ar,"Córdoba 3670, Pérez"
C1865,Lubricentro Villa Constitución,20-80125910-4,MONOTRIBUTO,400000,,lubricentrovil@gmail.com,"Salta 598, Rosario"
C1866,Distribuidora Torres SRL,30-46020994-9,RESPONSABLE_INSCRIPTO,3000000,0341-154093268,,"Tucumán 3408, San Lorenzo"
C1867,Gomería Ruiz,20-89629618-4,MONOTRIBUTO,300000,0341-4345330,gomeraruiz@gmail.com,
C1868,Rectificadora San Nicolás,33-33593454-2,RESPONSABLE_INSCRIPTO,2000000,0341-4303950,compras@rectificador.com.ar,"Bv. Oroño 3541, Casilda"
C1869,Martínez Carlos,,CONSUMIDOR_FINAL,0,0341-4231118,,"Av. Pellegrini 1627, Pergamino"
C1870,López Roberto,,CONSUMIDOR_FINAL,0,0341-156598411,,
C1871,Transportes Funes SRL,30-63470400-7,RESPONSABLE_INSCRIPTO,1500000,0341-4190415,,
C1872,Molina Miguel,,CONSUMIDOR_FINAL,0,0341-155407640,,"Tucumán 3835, Rosario"
C1873,Gomería Silva,20-17902253-3,MONOTRIBUTO,500000,0341-4241623,,
C1874,Taller Mecánico Torres,20-33664286-9,MONOTRIBUTO,200000,,tallermecnicot@gmail.com,"Ovidio Lagos 1248, San Nicolás"
C1875,Rectificadora Funes,30-88119501-8,RESPONSABLE_INSCRIPTO,3000000,0341-4722596,compras@rectificador.com.ar,"Ovidio Lagos 4686, Cañada de Gómez"
C1876,Lubricentro del Sur,20-24362019-9,MONOTRIBUTO,800000,0341-4840901,lubricentrodel@gmail.com,
C1877,Taller Giménez Hnos,23-27202795-1,MONOTRIBUTO,800000,0341-4375148,tallergimnezhn@gmail.com,"Av. San Martín 3058, San Lorenzo"
C1878,Rectificadora San Nicolás,30-11716676-3,RESPONSABLE_INSCRIPTO,1000000,0341-155141702,compras@rectificador.com.ar,"Bv. Oroño 442, Pergamino"
C1879,Taller Fernández Hnos,23-55195628-8,MONOTRIBUTO,400000,0341-4482295,tallerfernndez@gmail.com,
C1880,Peralta Oscar,20-36883058-6,MONOTRIBUTO,400000,0341-4409944,,
C1881,Gomería Flores,27-71459549-6,MONOTRIBUTO,300000,0341-4378633,,
C1882,Transporte Villalba SA,33-16695595-0,RESPONSABLE_INSCRIPTO,5000000,,,"Córdoba 1214, Casilda"
C1883,Transportes Rosario SRL,33-26466040-3,RESPONSABLE_INSCRIPTO,1500000,0341-154503808,compras@transportesr.com.ar,
C1884,Lubricentro Rosario,27-80353285-6,MONOTRIBUTO,300000,0341-154252000,,"27 de Febrero 895, Villa Gobernador Gálvez"
C1885,Ferreyra Sandra,,CONSUMIDOR_FINAL,0,0341-156468666,,"Av. Francia 1690, Pérez"
C1886,Godoy Patricia,23-71816084-7,MONOTRIBUTO,800000,0341-154071003,godoypatricia@gmail.com,"Av. Alberdi 3614, Pergamino"
C1887,Logística García SA,30-24553506-2,RESPONSABLE_INSCRIPTO,3000000,0341-153063319,compras@logsticagarc.com.ar,
C1888,Rojas Sergio,23-58182472-6,MONOTRIBUTO,800000,0341-4250095,rojassergio@gmail.com,"Ovidio Lagos 1748, Pergamino"
C1889,Aguirre Martín,,CONSUMIDOR_FINAL,0,0341-155956077,,"Av. Francia 3495, Rosario"
C1890,Logística Sosa SA,30-33446829-8,RESPONSABLE_INSCRIPTO,5000000,0341-155276130,compras@logsticasosa.com.ar,"Av. Francia 3453, San Nicolás"
C1891,Sánchez Patricia,,CONSUMIDOR_FINAL,0,0341-4771322,,"San Juan 3987, San Lorenzo"
C1892,Cabrera Leandro,,CONSUMIDOR_FINAL,0,0341-4664415,,"Av. Provincias Unidas 1261, San Nicolás"
C1893,Casa Pérez Automotores SRL,30-97448679-9,RESPONSABLE_INSCRIPTO,3000000,0341-156088186,,"San Juan 880, Rosario"
