articulo_codigo,deposito_codigo,cantidad
W719/80,CEN,24
W719/80,MOS,4
PH5566,CEN,3
PH5566,MOS,1
C25114,CEN,12
C25114,MOS,2
WK814/1,CEN,1
CU2545,CEN,8
CU2545,MOS,2
5PK1123,CEN,6
5PK1123,MOS,1
94048,CEN,2
BKR6E,CEN,48
BKR6E,MOS,12
FR7DC,CEN,30
FR7DC,MOS,8
FDB1617,CEN,6
FDB1617,MOS,2
N1055,CEN,2
N1055,MOS,1
G16789,CEN,4
30125,CEN,3
ELAION-F30,CEN,18
ELAION-F30,MOS,6
HELIX-HX7,CEN,10
HELIX-HX7,MOS,4
6204-2RS,CEN,5
6204-2RS,MOS,3
VKBA3550,CEN,2
H4-12V,CEN,60
H4-12V,MOS,20
H7-12V,CEN,40
H7-12V,MOS,16
KYB334,CEN,1
CA6017,CEN,24
CA6017,MOS,5
JFC186,CEN,27
JFC186,MOS,3
WO1071,CEN,16
WO1071,MOS,1
OC440,CEN,13
OC440,MOS,1
W830/63,CEN,16
0986B02369,CEN,74
0986B02369,MOS,15
FR8DC,CEN,8
JFC467,CEN,36
JFC467,MOS,2
0986B06855,CEN,82
LX1693,CEN,6
CU3145,CEN,20
CU3145,MOS,3
0986TB7651,CEN,20
0986TB7651,MOS,4
JFC304,CEN,33
JFC304,MOS,5
LX1170,CEN,2
C1280,CEN,13
C1280,MOS,2
LX2427,CEN,8
LX2427,MOS,1
JFC949,CEN,10
CU2343,CEN,46
CU2343,MOS,8
WO2214,CEN,25
WO2214,MOS,4
LX416,CEN,21
WO5651,CEN,25
FR5DC,CEN,37
FR5DC,MOS,5
CA3800,CEN,7
CA5601,CEN,16
WO2706,CEN,14
WO2706,MOS,1
W872/61,CEN,14
FR6DC,CEN,36
PH9146,CEN,12
PH9146,MOS,2
PH4970,CEN,29
WO1998,CEN,13
PH9330,CEN,24
PH9330,MOS,2
0986B04326,CEN,17
PH6176,CEN,22
PH6176,MOS,3
CA7626,CEN,40
WO8962,CEN,32
WO8962,MOS,7
OC126,CEN,4
JFC884,CEN,26
LX1809,CEN,21
LX2402,CEN,14
LX2402,MOS,2
CA4802,CEN,16
CA4802,MOS,4
WK780,CEN,36
WK780,MOS,8
WK436,CEN,52
JFC196,CEN,14
JFC196,MOS,2
LX665,CEN,42
PH6002,CEN,36
PH6002,MOS,2
CU2892,CEN,21
CU2892,MOS,2
0986AF5273,CEN,14
CA6925,CEN,39
CA6925,MOS,9
LX2666,CEN,27
LX2666,MOS,6
WO5217,CEN,7
WO5217,MOS,1
JFC176,CEN,22
PH7120,CEN,49
PH7120,MOS,1
CA7661,CEN,73
WO3980,CEN,21
C1361,CEN,2
C1361,MOS,1
W628/63,CEN,29
PH3123,CEN,43
PH3123,MOS,9
JFC375,CEN,45
OC393,CEN,57
PH8939,CEN,7
C1714,CEN,21
JFC856,CEN,30
JFC856,MOS,2
OC398,CEN,24
OC398,MOS,2
OC612,CEN,14
OC612,MOS,1
PH9399,CEN,13
PH6693,CEN,51
0986TB9460,CEN,44
CU3070,CEN,3
CU3070,MOS,1
LX2936,CEN,27
LX2936,MOS,3
WK122,CEN,26
PH6778,CEN,11
PH6778,MOS,2
JFC265,CEN,2
W613/70,CEN,67
W613/70,MOS,12
CA4668,CEN,70
CA4668,MOS,17
WO6183,CEN,24
WO6183,MOS,4
JFC687,CEN,12
JFC687,MOS,1
W788/70,CEN,20
W788/70,MOS,4
LX2610,CEN,11
LX1799,CEN,11
WO5849,CEN,16
WO5849,MOS,2
OC343,CEN,5
OC343,MOS,1
CU2525,CEN,14
CU2525,MOS,2
LX1033,CEN,2
LX395,CEN,24
C2437,CEN,21
JFC486,CEN,24
JFC486,MOS,3
W694/17,CEN,23
JFC478,CEN,61
W935/63,CEN,7
W935/63,MOS,1
LX2809,CEN,60
0986TB1876,CEN,16
0986TB1876,MOS,2
CA4438,CEN,31
LX1733,CEN,42
LX1733,MOS,1
LX432,CEN,19
CU2833,CEN,17
WO2187,CEN,5
WK499,CEN,45
W647/65,CEN,12
CU2165,CEN,18
CU2165,MOS,1
C3595,CEN,12
0986B01256,CEN,21
0986B01256,MOS,5
CU1948,CEN,1
CU1948,MOS,1
PH9262,CEN,2
JFC837,CEN,50
JFC837,MOS,5
CU3443,CEN,7
CU3443,MOS,1
0986AF3336,CEN,11
0986AF3336,MOS,2
OC952,CEN,13
OC952,MOS,3
LX2770,CEN,19
JFC157,CEN,23
JFC157,MOS,3
OC882,CEN,43
CA3723,CEN,18
JFC848,CEN,33
LX3117,CEN,11
LX3117,MOS,2
WO1456,CEN,29
WO1456,MOS,6
JFC918,CEN,21
WK671,CEN,18
LX1989,CEN,30
LX192,CEN,40
LX192,MOS,5
LX2423,CEN,16
W887/55,CEN,39
W887/55,MOS,6
OC543,CEN,77
OC543,MOS,16
0986TB2752,CEN,24
CA3523,CEN,17
CA3523,MOS,2
CU1997,CEN,16
CU1997,MOS,3
LX484,CEN,18
C2827,CEN,13
C2827,MOS,2
PH3688,CEN,41
WO9658,CEN,21
C1881,CEN,73
C1881,MOS,10
OC333,CEN,30
OC333,MOS,2
C2854,CEN,77
C2854,MOS,6
CA3603,CEN,23
WK394,CEN,42
CA7161,CEN,32
WO9666,CEN,24
CU3482,CEN,19
WO8921,CEN,36
C2989,CEN,19
C2989,MOS,2
WO2892,CEN,96
WO2892,MOS,12
LX1666,CEN,68
WO9042,CEN,8
WO9417,CEN,20
WO9417,MOS,3
LX1527,CEN,10
OC704,CEN,1
0986TB6735,CEN,23
0986TB6735,MOS,2
LX254,CEN,14
LX254,MOS,1
JFC474,CEN,27
JFC474,MOS,5
C2373,CEN,26
C2373,MOS,6
PH3162,CEN,47
PH3162,MOS,5
CA7441,CEN,8
CA7441,MOS,1
LX1635,CEN,36
PH5979,CEN,29
PH5979,MOS,7
OC89,CEN,18
WO5279,CEN,27
WO5279,MOS,1
JFC637,CEN,46
JFC637,MOS,1
C1845,CEN,15
C1845,MOS,2
C2028,CEN,35
C2028,MOS,6
LX2433,CEN,14
JFC975,CEN,1
JFC975,MOS,1
WO2616,CEN,23
JFC829,CEN,34
W873/61,CEN,28
W873/61,MOS,5
WO3582,CEN,55
CA8529,CEN,17
CA8529,MOS,4
0986B02649,CEN,9
CA6172,CEN,12
JFC851,CEN,11
JFC851,MOS,1
JFC968,CEN,29
JFC968,MOS,1
0986B03530,CEN,13
WO7486,CEN,38
WO7486,MOS,9
LX3195,CEN,21
LX3195,MOS,1
CA3233,CEN,3
JFC982,CEN,18
JFC982,MOS,1
WK633,CEN,12
CU2571,CEN,61
OC452,CEN,12
JFC555,CEN,30
OC844,CEN,18
OC844,MOS,4
LX813,CEN,12
LX813,MOS,1
LX2767,CEN,22
W716/70,CEN,15
OC563,CEN,4
CA4638,CEN,15
OC613,CEN,29
OC456,CEN,28
OC456,MOS,4
JFC834,CEN,85
JFC834,MOS,20
C2020,CEN,48
OC623,CEN,61
OC623,MOS,5
LX2854,CEN,46
PH3559,CEN,3
W850/40,CEN,19
W850/40,MOS,2
PH9653,CEN,21
PH9653,MOS,3
C2949,CEN,18
C2949,MOS,2
PH3453,CEN,47
PH3453,MOS,2
0986AF5407,CEN,7
JFC388,CEN,8
JFC388,MOS,1
PH7147,CEN,15
PH7147,MOS,3
PH9042,CEN,80
PH9042,MOS,16
CA7539,CEN,13
CA9735,CEN,26
CA9735,MOS,1
OC325,CEN,34
OC325,MOS,1
0986B01819,CEN,14
OC940,CEN,79
0986TB1761,CEN,35
0986TB1761,MOS,3
0986AF3097,CEN,21
CA9235,CEN,69
OC494,CEN,32
OC494,MOS,5
WO4017,CEN,24
WO4017,MOS,5
0986AF9737,CEN,17
0986AF5802,CEN,11
LX802,CEN,33
LX802,MOS,5
LX2622,CEN,21
OC791,CEN,35
WO5046,CEN,18
WO5046,MOS,2
WK778,CEN,26
WK778,MOS,5
CA5591,CEN,13
0986B07905,CEN,37
0986B07905,MOS,7
WK83,CEN,6
LX2135,CEN,11
JFC715,CEN,10
JFC715,MOS,2
CA6551,CEN,7
JFC136,CEN,25
OC119,CEN,16
PH7865,CEN,3
OC845,CEN,11
JFC920,CEN,40
PH9134,CEN,32
PH9134,MOS,8
CA4030,CEN,16
CA4030,MOS,2
0986B04133,CEN,13
0986B04133,MOS,3
CA8997,CEN,34
WK422,MOS,1
CA3627,CEN,19
CA6219,CEN,9
CA5129,CEN,10
CA3555,CEN,14
CA3555,MOS,1
LX1555,CEN,11
LX1555,MOS,2
LX345,CEN,13
WO9032,CEN,7
JFC490,CEN,34
JFC490,MOS,4
JFC926,CEN,21
OC766,CEN,25
WK655,CEN,19
WK655,MOS,2
PH8555,CEN,4
JFC502,CEN,38
JFC502,MOS,7
C1379,CEN,30
C1379,MOS,5
LX845,CEN,76
LX845,MOS,6
PH8022,CEN,20
PH8022,MOS,2
CA7066,CEN,15
WK135,CEN,21
WK135,MOS,1
WO7802,CEN,5
C3517,CEN,25
PH7531,CEN,33
PH7531,MOS,4
CA4397,CEN,25
CA4397,MOS,1
JFC312,CEN,70
JFC312,MOS,17
JFC568,CEN,50
JFC568,MOS,10
PH5783,CEN,5
PH5783,MOS,1
W653/75,CEN,19
W653/75,MOS,4
OC248,CEN,65
OC964,CEN,24
OC964,MOS,1
OC916,CEN,1
LX1951,CEN,24
CA7206,CEN,66
CA7206,MOS,6
W855/65,CEN,20
PH3274,CEN,8
LX2287,CEN,16
CA9026,CEN,37
CA9026,MOS,8
C3346,CEN,36
C3346,MOS,9
LX2939,CEN,11
OC340,CEN,11
WO4210,CEN,48
WO4210,MOS,6
CA7570,CEN,82
0986TB4236,CEN,16
0986TB4236,MOS,3
C3422,CEN,9
WO2462,CEN,52
WO2462,MOS,5
LX690,CEN,10
LX690,MOS,2
CA9618,CEN,13
OC779,CEN,30
OC779,MOS,7
WK603,CEN,24
WK813,CEN,1
PH9940,CEN,23
PH9940,MOS,5
0986TB6767,CEN,31
0986TB6767,MOS,2
JFC682,CEN,21
JFC682,MOS,2
LX2793,CEN,20
LX2793,MOS,5
JFC615,CEN,6
W721/5,CEN,44
W721/5,MOS,9
PH6980,CEN,23
OC695,CEN,21
JFC750,CEN,31
JFC750,MOS,7
JFC932,CEN,83
JFC932,MOS,6
WO3963,CEN,4
WO3963,MOS,1
C2499,CEN,25
OC838,CEN,23
OC838,MOS,1
0986AF5372,CEN,2
0986AF5372,MOS,1
0986B08179,CEN,9
0986B08179,MOS,2
PH9382,CEN,38
CU3057,CEN,22
CA7589,CEN,11
CA7589,MOS,1
JFC736,CEN,31
JFC736,MOS,1
WK515,CEN,21
PH3398,CEN,55
PH3398,MOS,10
OC458,CEN,84
OC458,MOS,1
JFC717,CEN,8
JFC717,MOS,2
BD5575,CEN,8
BD5661,CEN,7
BD4134,CEN,22
BD4134,MOS,2
FDB1999,CEN,2
N582,CEN,14
BD5313,CEN,22
BD5313,MOS,5
NF787,CEN,6
NF448,CEN,12
GDB1905,CEN,13
GDB1905,MOS,3
BD5680,CEN,8
BD5680,MOS,1
FVR1666,MOS,1
BD5948,CEN,6
BD4928,CEN,8
BD4928,MOS,2
FVR1467,CEN,13
N1519,CEN,8
NF165,CEN,13
JTE828,CEN,11
GDB1131,CEN,31
GDB1131,MOS,5
GDB1658,CEN,19
GDB1658,MOS,2
FVR1475,CEN,28
BD4104,CEN,20
JTE741,CEN,15
BD4324,CEN,5
N1266,CEN,3
N1266,MOS,1
FDB1770,CEN,7
JTE530,CEN,12
BD4398,CEN,15
BD4398,MOS,3
GDB1419,CEN,5
NF579,CEN,14
NF579,MOS,1
BD4062,CEN,15
BD4410,CEN,10
N820,CEN,12
BD4819,CEN,8
FVR2079,CEN,33
FVR1664,CEN,22
FVR1664,MOS,5
N1397,CEN,8
BD5749,CEN,20
BD4323,CEN,1
BD5649,CEN,7
BD5649,MOS,1
NF776,CEN,3
NF197,CEN,4
NF576,CEN,10
NF126,CEN,14
NF126,MOS,1
GDB1565,CEN,1
GDB1565,MOS,1
FDB1031,CEN,20
FDB1031,MOS,5
GDB1128,CEN,9
NF380,CEN,23
NF380,MOS,3
FVR1511,CEN,25
FDB1013,CEN,13
FDB1013,MOS,3
BD4314,CEN,7
BD4314,MOS,1
FVR1315,CEN,8
FVR1872,CEN,9
JTE403,CEN,2
JTE403,MOS,1
BD4550,CEN,21
BD4141,CEN,4
FDB1908,CEN,11
FDB1908,MOS,2
FVR1275,CEN,9
FVR1275,MOS,2
BD5321,CEN,7
BD4346,CEN,8
GDB1774,MOS,1
FDB1383,CEN,8
FDB1383,MOS,1
N1430,CEN,17
N1430,MOS,2
JTE547,CEN,16
JTE547,MOS,3
FVR2024,CEN,5
BD5010,CEN,5
BD4999,CEN,6
JTE686,CEN,1
BD5099,CEN,10
BD5099,MOS,1
BD5384,CEN,1
BD5384,MOS,1
JTE659,CEN,16
JTE659,MOS,2
FVR1468,CEN,7
FVR1468,MOS,1
FDB1458,CEN,9
FVR1174,CEN,11
NF844,CEN,32
BD5683,CEN,22
BD4588,CEN,22
BD4588,MOS,2
BD5241,CEN,5
N1286,CEN,18
FDB1911,CEN,24
NF329,CEN,14
NF329,MOS,1
FDB1079,CEN,7
FDB1079,MOS,1
FVR1939,CEN,16
BD5723,CEN,2
BD5723,MOS,1
FVR2017,CEN,16
FDB1543,CEN,4
FDB1543,MOS,1
GDB1849,CEN,8
BD4392,CEN,12
BD4392,MOS,1
BD4079,CEN,19
JTE964,CEN,8
N1158,CEN,18
FDB1005,CEN,16
FVR1266,CEN,14
FVR1266,MOS,1
JTE432,CEN,12
JTE432,MOS,3
NF315,CEN,10
BD5953,CEN,20
BD5953,MOS,1
N1263,CEN,16
N1263,MOS,1
BD4986,MOS,1
BD4767,CEN,10
FVR1363,CEN,10
FDB1181,CEN,23
FDB1181,MOS,1
BD5162,CEN,18
NF510,CEN,1
NF510,MOS,1
GDB1027,CEN,8
BD5388,CEN,12
BD5687,CEN,19
BD5201,CEN,5
NF221,CEN,6
N1163,CEN,4
JTE257,CEN,6
JTE257,MOS,1
BD5002,CEN,11
GDB1579,CEN,4
GDB2007,CEN,12
JTE621,CEN,8
GDB1257,CEN,14
GDB1257,MOS,3
BD4491,CEN,8
N1580,CEN,8
N1580,MOS,2
FDB1271,CEN,20
NF630,CEN,9
GDB1727,CEN,19
GDB1408,CEN,9
N822,CEN,20
N822,MOS,5
GDB1555,CEN,9
GDB1908,CEN,16
GDB1908,MOS,1
N711,CEN,12
FVR1197,CEN,9
FVR1197,MOS,1
FVR1531,CEN,2
JTE811,CEN,18
JTE811,MOS,3
GDB1032,CEN,21
GDB1032,MOS,3
N917,CEN,15
N917,MOS,3
N1578,CEN,5
BD4057,CEN,9
NF843,CEN,7
NF296,CEN,17
NF296,MOS,1
GDB1584,CEN,23
BD4250,CEN,19
BD4250,MOS,4
GDB1511,CEN,14
FDB1112,CEN,6
GDB1163,CEN,6
BD4287,CEN,12
N639,CEN,15
NF634,CEN,6
NF634,MOS,1
BD5221,CEN,9
N1394,CEN,2
NF506,CEN,18
GDB1040,CEN,9
GDB1040,MOS,1
BD4545,CEN,14
BD5186,CEN,6
BD5186,MOS,1
JTE782,CEN,9
BD4005,CEN,12
BD4367,CEN,9
BD4367,MOS,1
NF598,CEN,23
NF598,MOS,5
FDB1048,CEN,12
FDB1048,MOS,3
BD5445,CEN,7
BD5445,MOS,1
NF591,CEN,20
BD4163,CEN,14
BD4151,CEN,21
BD4641,CEN,9
NF251,CEN,6
NF375,CEN,7
BD4109,CEN,14
GDB1484,CEN,10
GDB1484,MOS,1
GDB1616,CEN,36
JTE603,CEN,25
JTE603,MOS,6
N1118,CEN,9
FVR1188,CEN,9
FVR1188,MOS,2
FVR1173,CEN,24
FVR1173,MOS,2
FVR1204,CEN,21
FVR1204,MOS,3
NF224,CEN,13
NF224,MOS,1
BD4548,CEN,11
JTE190,CEN,8
NF501,CEN,17
FVR2044,CEN,9
FDB1593,CEN,14
FDB1593,MOS,3
BD5552,CEN,5
GDB1248,CEN,8
GDB1248,MOS,2
JTE365,CEN,16
JTE365,MOS,2
JTE385,CEN,14
FVR1949,CEN,18
FVR1949,MOS,4
FDB1116,CEN,23
GDB1460,CEN,24
GDB1460,MOS,4
BD4026,CEN,3
BD4026,MOS,1
FDB1609,CEN,7
FDB1609,MOS,1
BD4820,CEN,11
BD4820,MOS,1
FDB1630,CEN,7
JTE915,CEN,6
JTE915,MOS,1
N818,CEN,9
N818,MOS,1
GDB1253,CEN,9
GDB2106,CEN,11
GDB2106,MOS,2
BD5072,CEN,7
FVR1513,CEN,19
NF458,CEN,6
BD5279,CEN,12
JTE353,CEN,10
JTE353,MOS,1
BD4197,CEN,13
BD4197,MOS,3
GDB1896,CEN,13
GDB1896,MOS,1
FDB1570,CEN,27
FDB1570,MOS,1
N1004,CEN,7
GDB1902,MOS,1
BD5146,CEN,10
BD5146,MOS,1
GDB1537,CEN,4
JTE290,CEN,19
JTE290,MOS,4
JTE569,CEN,2
BD5765,MOS,1
BD5430,CEN,21
BD5430,MOS,3
JTE637,CEN,10
BD5547,CEN,5
BD5547,MOS,1
FDB1934,CEN,13
N1079,CEN,11
N1079,MOS,2
FVR1928,CEN,7
NF376,CEN,1
FDB2044,CEN,2
FDB2044,MOS,1
JTE525,CEN,5
JTE525,MOS,1
JTE609,CEN,18
JTE961,CEN,18
JTE961,MOS,3
FVR1991,CEN,9
FVR1991,MOS,1
NF709,CEN,3
BD4055,CEN,17
BD4055,MOS,2
BD5588,CEN,17
BD5588,MOS,1
NF276,CEN,12
NF276,MOS,2
GDB1789,CEN,10
GDB1789,MOS,1
NF112,MOS,1
GDB1628,CEN,14
GDB1628,MOS,3
JTE800,CEN,17
29710,CEN,1
29264,CEN,5
29264,MOS,1
2882,CEN,20
2882,MOS,3
3939,CEN,6
G16638,CEN,8
4494,CEN,11
4494,MOS,2
3694,CEN,6
G16794,CEN,12
CV9400,CEN,19
4380,CEN,11
G16099,CEN,15
G16099,MOS,3
CV1347,CEN,5
CV1347,MOS,1
28630,CEN,8
28630,MOS,2
28231,CEN,1
28231,MOS,1
335354,CEN,15
G16892,CEN,4
4308,CEN,9
RA3920,CEN,11
RA3920,MOS,2
E1388,CEN,7
E1388,MOS,1
CV3190,CEN,11
RA3629,CEN,2
CV4352,CEN,15
RA3341,CEN,31
335308,CEN,2
335308,MOS,1
333828,CEN,8
RA3153,CEN,9
1151,CEN,13
1151,MOS,1
CV2465,CEN,9
CV7976,CEN,20
G16453,CEN,8
G16453,MOS,2
31148,CEN,5
2754,CEN,12
2754,MOS,3
E1392,CEN,19
E1392,MOS,3
E1829,CEN,12
RA3157,CEN,7
CV1199,CEN,8
334239,CEN,8
3881,CEN,12
3881,MOS,3
1042,CEN,13
1042,MOS,2
4657,CEN,19
G16200,CEN,5
333269,CEN,10
333269,MOS,1
RA3366,CEN,14
3704,CEN,14
3616,CEN,8
3616,MOS,2
29426,CEN,15
29426,MOS,2
4965,CEN,13
G16179,CEN,5
29825,CEN,10
RA3117,CEN,11
E1509,CEN,6
28284,CEN,9
28284,MOS,2
32547,CEN,7
29162,CEN,7
4488,CEN,6
4488,MOS,1
1962,CEN,15
4798,CEN,12
CV3494,CEN,18
4202,CEN,8
28321,CEN,2
CV2294,CEN,5
CV2294,MOS,1
RA3970,CEN,6
CV3123,CEN,6
31832,CEN,12
E1317,CEN,8
E1317,MOS,2
2940,CEN,9
2940,MOS,1
3099,CEN,14
G16845,CEN,12
G16845,MOS,3
333611,CEN,5
4196,CEN,6
4196,MOS,1
32895,CEN,9
32895,MOS,1
E1821,CEN,9
E1821,MOS,2
RA3902,CEN,1
28572,CEN,16
28572,MOS,3
CV7267,CEN,2
CV7267,MOS,1
31723,CEN,4
E1164,CEN,5
E1652,CEN,10
30334,CEN,21
29992,CEN,4
RA3165,CEN,8
30693,CEN,1
32740,CEN,7
G16630,CEN,9
1926,CEN,6
1926,MOS,1
4803,CEN,8
4803,MOS,2
3073,CEN,10
29211,CEN,23
29211,MOS,4
RA3403,CEN,16
RA3584,CEN,8
RA3584,MOS,2
E1670,CEN,3
4450,CEN,5
3341,CEN,13
CV1744,CEN,10
2775,CEN,5
4774,CEN,14
3344,CEN,5
3344,MOS,1
E1473,CEN,11
29989,CEN,7
29989,MOS,1
CV7866,CEN,12
CV6076,CEN,9
E1947,CEN,7
E1689,CEN,21
CV6750,CEN,9
32869,CEN,16
31976,CEN,17
31976,MOS,2
3128,CEN,4
CV3938,CEN,17
CV3938,MOS,4
3827,CEN,14
3827,MOS,3
RA3517,CEN,8
30086,CEN,16
G16781,CEN,14
2448,CEN,7
2448,MOS,1
CV4203,CEN,9
CV4203,MOS,1
335193,CEN,21
335193,MOS,1
4183,CEN,5
G16476,CEN,7
G16476,MOS,1
2879,CEN,15
3194,CEN,11
3194,MOS,2
CV9268,CEN,9
G16576,CEN,8
RA3001,CEN,23
RA3001,MOS,5
1318,CEN,7
32482,CEN,10
2033,CEN,18
29348,CEN,5
29348,MOS,1
RA3092,CEN,11
29460,CEN,22
CV1871,CEN,6
G16169,CEN,10
CV2750,CEN,11
CV3856,CEN,5
E1688,CEN,3
CV3009,CEN,3
334024,CEN,20
335598,CEN,8
334257,CEN,20
334257,MOS,4
E1573,CEN,12
CV3949,CEN,14
CV3949,MOS,1
CV3877,CEN,6
CV3877,MOS,1
G16397,CEN,1
3176,CEN,12
3176,MOS,2
CV8011,CEN,4
CV1168,CEN,18
32772,CEN,12
32772,MOS,1
G16140,CEN,19
28794,MOS,1
2813,CEN,11
32195,CEN,3
32195,MOS,1
RA3282,CEN,16
RA3282,MOS,1
E1042,CEN,6
E1042,MOS,1
1422,CEN,2
RA3809,CEN,15
CV7723,CEN,10
2209,CEN,15
CV9813,CEN,11
CV9813,MOS,2
32584,CEN,15
32207,CEN,8
CV7237,CEN,8
CV6238,CEN,5
31424,CEN,13
31424,MOS,3
CV2702,CEN,14
CV2702,MOS,2
RA3041,CEN,8
333083,CEN,10
333083,MOS,1
28021,CEN,14
28021,MOS,2
31001,CEN,9
RA3304,CEN,16
4640,CEN,4
4640,MOS,1
CV1673,CEN,3
28327,CEN,15
28327,MOS,2
3833,CEN,15
3833,MOS,3
28990,CEN,6
RA3964,CEN,8
335383,CEN,12
30615,CEN,14
31282,CEN,15
31282,MOS,3
G16668,CEN,13
E1808,CEN,11
E1808,MOS,2
1118,CEN,15
RA3222,CEN,1
CV4548,MOS,1
E1632,CEN,6
E1632,MOS,1
E1709,CEN,2
CV6146,CEN,20
CV6146,MOS,5
333622,CEN,6
G16353,CEN,14
333485,CEN,12
333485,MOS,1
CV8702,CEN,4
E1442,CEN,1
E1442,MOS,1
CV4241,CEN,8
G16421,CEN,10
G16421,MOS,1
30753,CEN,11
RA3836,CEN,9
RA3836,MOS,1
E1873,CEN,1
E1432,CEN,11
E1432,MOS,1
3650,CEN,10
3650,MOS,2
335854,CEN,5
335854,MOS,1
28832,CEN,13
CV7481,CEN,7
CV7481,MOS,1
G16555,CEN,15
RA3497,MOS,1
4313,CEN,11
G16992,CEN,16
31753,CEN,13
31753,MOS,3
53LE,CEN,7
813400,CEN,3
M27ED,CEN,7
M27ED,MOS,1
100LD,CEN,1
M27KD,CEN,11
M22FD,CEN,6
0986AF7046,CEN,7
38LE,CEN,11
74LD,CEN,4
92HE,CEN,10
98LD,CEN,15
M21FD,CEN,2
77LD,MOS,1
M28ED,CEN,4
M26KD,CEN,11
M26KD,MOS,1
815267,CEN,10
820659,CEN,8
804604,CEN,13
804604,MOS,2
M20KD,CEN,9
814419,CEN,2
0986TB6979,CEN,8
M23FD,CEN,5
M26ED,CEN,9
37LD,CEN,24
37LD,MOS,5
51LE,CEN,1
47HE,CEN,5
47HE,MOS,1
0986TB4612,CEN,10
0986TB4612,MOS,2
0986AF5304,CEN,10
0986B05532,CEN,7
41LE,CEN,9
M21KD,CEN,8
811148,CEN,7
811148,MOS,1
M25ED,CEN,13
M25ED,MOS,1
824210,CEN,7
66HE,CEN,10
813371,CEN,5
76HE,CEN,7
31LD,CEN,15
31LD,MOS,1
70HE,CEN,5
70HE,MOS,1
20HE,CEN,1
72LD,CEN,6
93LD,CEN,12
93LD,MOS,2
812671,CEN,7
812671,MOS,1
821482,CEN,3
825242,CEN,6
826321,CEN,5
62LD,CEN,5
M25KD,CEN,12
M25KD,MOS,2
811304,CEN,8
0986B06263,CEN,6
0986B06263,MOS,1
M18ED,CEN,15
M18ED,MOS,2
814071,CEN,12
71LE,CEN,1
95LD,CEN,13
805041,CEN,4
825747,CEN,4
0986B05141,CEN,5
0986B05141,MOS,1
0986AF9434,CEN,11
0986AF3916,CEN,7
813620,CEN,10
813620,MOS,1
809600,CEN,3
809600,MOS,1
806854,CEN,8
806854,MOS,1
105LE,CEN,12
0986AF3317,CEN,1
0986AF3317,MOS,1
19LE,CEN,7
87LD,CEN,13
88LD,CEN,5
88LD,MOS,1
0986AF9516,CEN,4
0986AF9516,MOS,1
802296,CEN,15
M23KD,CEN,8
68LE,CEN,10
68LE,MOS,1
0986B07338,CEN,7
817282,CEN,12
806089,CEN,12
806089,MOS,2
0986TB9194,CEN,5
0986TB9194,MOS,1
0986TB2201,CEN,2
0986TB2201,MOS,1
M24KD,CEN,11
93HE,CEN,10
71LD,CEN,7
71LD,MOS,1
0986AF8775,CEN,5
0986AF8775,MOS,1
107HE,CEN,6
107HE,MOS,1
51HE,CEN,12
822585,CEN,5
821422,CEN,4
29HE,CEN,13
29HE,MOS,1
0986AF2781,MOS,1
823223,CEN,16
803312,CEN,12
803312,MOS,3
808899,CEN,4
808899,MOS,1
0986AF3144,CEN,10
77HE,CEN,13
M18FD,CEN,12
0986B01729,CEN,9
819110,CEN,5
0986TB2487,CEN,4
23HE,CEN,11
804665,CEN,6
M20ED,CEN,4
52HE,CEN,5
52HE,MOS,1
815903,CEN,7
56LD,CEN,1
21LD,CEN,16
21LD,MOS,2
820935,CEN,6
34HE,CEN,11
93LE,CEN,3
M19KD,CEN,3
90LE,CEN,10
M26FD,CEN,7
M26FD,MOS,1
805766,CEN,7
812842,CEN,10
813529,CEN,22
813529,MOS,1
65LE,CEN,5
65LE,MOS,1
816033,CEN,7
816033,MOS,1
0986TB6772,CEN,5
13LE,CEN,3
67HE,CEN,7
32HE,CEN,7
0986B05613,CEN,9
820916,CEN,10
820916,MOS,2
820987,CEN,7
27LE,CEN,8
805845,CEN,9
805845,MOS,2
101LD,CEN,1
106LD,CEN,7
803338,CEN,2
803338,MOS,1
64LE,CEN,11
807146,CEN,5
61HE,CEN,8
805400,CEN,8
822616,CEN,7
801888,CEN,8
0986TB1698,CEN,7
820417,CEN,5
0986B09145,CEN,5
0986B07734,CEN,15
0986B09778,CEN,5
0986B09778,MOS,1
825334,CEN,6
825334,MOS,1
807425,CEN,8
807425,MOS,2
822926,CEN,7
822926,MOS,1
82LE,CEN,12
813493,CEN,10
41HE,CEN,8
41HE,MOS,1
0986AF8935,CEN,10
819342,CEN,12
819342,MOS,3
106HE,CEN,1
103LD,CEN,1
810331,CEN,16
810331,MOS,4
M24FD,CEN,1
826276,CEN,11
640378,CEN,12
615297,CEN,2
6118DDU,CEN,10
6118DDU,MOS,2
F-374515,CEN,6
6036DDU,CEN,13
F-583047,CEN,10
6186DDU,CEN,27
6186DDU,MOS,3
6203DDU,CEN,15
VKBA3430,CEN,13
6159DDU,CEN,19
6159DDU,MOS,4
6236DDU,CEN,16
VKM13295,CEN,42
VKM13295,MOS,7
VKBA3401,CEN,16
VKBA3401,MOS,4
6360DDU,CEN,16
F-145388,CEN,16
690175,CEN,31
F-172155,CEN,15
583175,CEN,7
536674,CEN,18
531185,CEN,62
VKBA3544,CEN,4
6050DDU,CEN,16
F-157602,CEN,5
F-157602,MOS,1
F-513215,CEN,15
F-513215,MOS,3
6154DDU,CEN,8
6154DDU,MOS,2
6338DDU,CEN,7
6338DDU,MOS,1
F-562055,CEN,18
F-562055,MOS,1
6245-2RS,CEN,7
6245-2RS,MOS,1
F-588082,CEN,12
F-172327,CEN,16
669608,CEN,2
669608,MOS,1
694984,CEN,11
652709,CEN,28
562813,CEN,30
6345DDU,CEN,2
VKM11830,CEN,24
VKM11830,MOS,4
VKBA3818,CEN,2
F-128540,CEN,13
F-329133,CEN,4
6280DDU,CEN,16
VKBA3456,MOS,1
6104DDU,CEN,12
F-118791,CEN,5
F-118791,MOS,1
F-457823,CEN,3
VKM11102,CEN,24
553335,CEN,5
553335,MOS,1
VKBA3594,CEN,12
6369DDU,CEN,31
6369DDU,MOS,5
VKM12660,CEN,3
578772,CEN,23
F-384474,CEN,8
VKM13131,CEN,31
F-437900,CEN,5
F-437900,MOS,1
F-516655,CEN,18
F-263441,CEN,11
VKM13109,CEN,5
VKBA3807,CEN,3
670088,CEN,16
F-262082,CEN,10
F-262082,MOS,2
606204,CEN,2
6049DDU,CEN,17
VKBA3419,CEN,3
F-511726,CEN,16
6357-2RS,CEN,7
6349DDU,CEN,22
F-528883,CEN,11
F-528883,MOS,1
F-175515,CEN,2
F-510701,CEN,10
F-465391,CEN,6
595589,CEN,17
595589,MOS,2
585450,CEN,21
585450,MOS,2
VKM11596,CEN,10
F-222563,CEN,20
F-222563,MOS,3
6147DDU,CEN,20
F-177427,CEN,10
VKBA3440,CEN,12
VKBA3440,MOS,3
640866,CEN,10
F-344146,CEN,10
F-344146,MOS,1
6057DDU,CEN,10
545576,CEN,15
6093DDU,CEN,12
575175,CEN,16
6074DDU,CEN,12
6074DDU,MOS,3
6400DDU,CEN,47
6275DDU,CEN,15
6263DDU,CEN,23
VKBA3468,CEN,11
6297DDU,CEN,19
599989,CEN,93
VKM13816,CEN,6
VKM11841,CEN,20
VKM11841,MOS,5
6242-2RS,CEN,9
6242-2RS,MOS,1
F-272448,CEN,10
VKM12202,CEN,33
F-254009,CEN,26
F-254009,MOS,1
6145DDU,CEN,16
VKM13878,CEN,2
F-164984,CEN,7
F-164984,MOS,1
6048DDU,CEN,10
6048DDU,MOS,2
6382-2RS,CEN,17
6382-2RS,MOS,4
F-103425,CEN,16
F-103425,MOS,4
F-249654,CEN,1
F-249654,MOS,1
6384DDU,CEN,6
6384DDU,MOS,1
6100-2RS,CEN,32
VKBA3525,CEN,6
VKM12082,CEN,5
F-537502,CEN,15
F-423955,CEN,9
F-423955,MOS,2
F-492217,CEN,1
F-220590,CEN,17
6232DDU,CEN,4
6232DDU,MOS,1
6313DDU,CEN,19
6113DDU,CEN,28
6113DDU,MOS,1
596057,CEN,19
596057,MOS,1
6043DDU,CEN,5
602471,CEN,6
602471,MOS,1
VKBA3678,CEN,8
6078DDU,CEN,7
F-480196,CEN,12
F-480196,MOS,1
VKBA3603,CEN,16
VKBA3603,MOS,1
540914,CEN,24
6394DDU,CEN,14
664600,CEN,11
6128DDU,CEN,18
6128DDU,MOS,2
VKM11171,CEN,7
VKM11171,MOS,1
586533,CEN,22
586533,MOS,1
F-571082,CEN,37
F-412438,CEN,17
F-333478,CEN,22
F-158906,CEN,14
F-362644,CEN,76
650426,CEN,19
650426,MOS,3
6140DDU,CEN,6
F-295139,CEN,4
F-520425,CEN,1
6021DDU,CEN,2
6021DDU,MOS,1
617282,CEN,3
6332DDU,CEN,9
VKBA3788,CEN,16
VKBA3788,MOS,1
573053,CEN,10
573053,MOS,1
F-528774,CEN,43
F-528774,MOS,7
545879,CEN,13
F-455401,CEN,80
F-455401,MOS,16
6341DDU,CEN,19
6341DDU,MOS,2
F-419699,CEN,4
F-557059,CEN,26
F-557059,MOS,4
677149,CEN,12
6071DDU,CEN,21
F-376954,CEN,11
633769,CEN,51
633769,MOS,4
0986TB1987,CEN,25
0986TB8376,CEN,62
IK16,CEN,1
IK21,CEN,3
IK21,MOS,1
IK19,CEN,24
DCPR6E,CEN,62
DCPR6E,MOS,12
K20PR-U,CEN,48
DCPR7E,CEN,26
DCPR7E,MOS,2
0986B09121,CEN,43
0986B09121,MOS,2
0986TB3034,CEN,80
0986TB3034,MOS,20
0986TB3408,CEN,22
BPR6ES,CEN,8
K16PR-U,CEN,19
0986AF9677,CEN,7
0986B08596,CEN,28
0986TB7887,CEN,7
BKR7E,CEN,15
K17PR-U,CEN,28
0986B05488,CEN,15
BPR5ES,CEN,14
K19PR-U,CEN,11
K19PR-U,MOS,1
IK20,CEN,16
0986B06074,CEN,43
0986TB4694,CEN,7
0986B06829,CEN,6
IK17,CEN,6
BKR5E,CEN,7
BKR5E,MOS,1
0986AF3763,CEN,14
0986AF5280,CEN,20
0986TB3877,CEN,9
0986B03748,CEN,18
K18PR-U,CEN,2
K18PR-U,MOS,1
0986TB2719,CEN,16
0986TB2719,MOS,1
0986TB9240,CEN,47
IK18,CEN,20
IK18,MOS,4
IK22,CEN,32
IK22,MOS,2
0986TB4104,CEN,10
DCPR8E,CEN,10
DCPR8E,MOS,1
0986TB3350,CEN,7
0986TB3350,MOS,1
0986TB3185,CEN,15
0986TB2335,CEN,18
0986B02947,CEN,2
0986TB9660,CEN,30
0986AF7855,CEN,43
0986AF7855,MOS,5
0986TB1620,CEN,2
0986TB4186,CEN,15
0986B01525,CEN,14
0986AF3761,CEN,27
0986B09917,CEN,8
0986B07918,CEN,1
0986TB7045,CEN,12
0986TB7045,MOS,2
0986AF9545,CEN,16
0986AF9545,MOS,3
0986AF2430,CEN,9
0986B08952,CEN,7
0986B08952,MOS,1
0986TB8682,CEN,7
0986AF8375,CEN,11
0986AF8375,MOS,2
0986TB7269,CEN,17
0986TB7269,MOS,3
0986B09006,CEN,18
0986B09006,MOS,1
0986TB5274,CEN,9
0986TB4501,CEN,7
0986AF8399,CEN,4
0986AF3810,CEN,16
0986AF3810,MOS,3
0986AF2905,CEN,24
0986AF5257,CEN,24
0986AF5257,MOS,2
0986TB4632,CEN,7
0986B05544,CEN,9
0986B05544,MOS,1
0986TB5252,CEN,16
0986TB9082,CEN,22
0986TB9082,MOS,2
0986TB2175,CEN,31
0986TB2175,MOS,7
0986B06084,CEN,2
0986B03379,CEN,36
0986B03379,MOS,9
0986TB3024,CEN,56
0986TB3024,MOS,12
0986TB2366,CEN,16
0986TB5240,CEN,20
0986TB5240,MOS,5
0986B04356,CEN,11
0986TB9285,CEN,14
0986TB9285,MOS,1
0986B09297,CEN,53
0986TB1074,CEN,2
0986AF8693,CEN,12
0986AF8693,MOS,1
0986AF8431,CEN,17
0986AF8645,CEN,44
0986AF8645,MOS,7
0986B08708,CEN,40
0986TB6392,CEN,5
0986AF6300,CEN,1
0986B04796,CEN,34
0986B04796,MOS,2
0986B03463,CEN,18
0986B09407,CEN,36
0986AF2467,CEN,8
0986AF2467,MOS,2
0986TB8437,CEN,35
0986TB8524,CEN,17
0986TB8524,MOS,2
0986AF9183,CEN,32
0986AF8184,CEN,24
0986AF8184,MOS,4
0986B06639,CEN,11
0986AF2291,CEN,4
0986AF2291,MOS,1
0986AF8653,CEN,63
0986AF8653,MOS,5
0986TB9534,CEN,6
0986TB2729,CEN,27
0986AF8932,CEN,15
0986AF8932,MOS,2
0986TB1304,CEN,32
0986AF1644,CEN,24
0986B09707,CEN,31
0986B09707,MOS,4
0986AF8923,CEN,7
0986AF8923,MOS,1
0986TB2069,CEN,7
0986TB2069,MOS,1
0986TB5555,CEN,38
0986TB5555,MOS,4
0986AF3202,CEN,18
0986AF3202,MOS,3
0986TB3105,CEN,58
0986B09333,CEN,9
0986B09333,MOS,1
0986AF3463,CEN,19
0986B05558,CEN,42
0986B05558,MOS,6
0986AF6955,CEN,23
0986AF6955,MOS,4
0986TB5382,CEN,13
0986TB5382,MOS,1
0986B03505,CEN,22
0986TB2998,CEN,10
0986TB2998,MOS,2
0986AF5165,CEN,14
0986AF5165,MOS,3
0986AF1752,CEN,11
0986AF9696,CEN,17
0986AF9696,MOS,4
0986AF9279,CEN,20
0986AF9279,MOS,5
0986AF1934,CEN,5
0986AF1934,MOS,1
0986TB1878,CEN,17
0986TB1878,MOS,4
0986TB9049,CEN,21
0986TB9049,MOS,1
0986B05744,CEN,9
0986B09700,CEN,7
0986B09700,MOS,1
0986TB1559,CEN,13
0986AF8384,CEN,15
0986AF8384,MOS,1
0986B01502,CEN,4
0986AF6205,CEN,16
0986AF6205,MOS,4
0986TB9453,CEN,11
K025550,CEN,19
K025550,MOS,3
K025518,CEN,10
K025518,MOS,2
K036381,CEN,32
K036381,MOS,1
92706,CEN,6
92706,MOS,1
CT945,CEN,7
7PK1876,CEN,5
CT1164,CEN,4
CT1164,MOS,1
4PK1516,CEN,7
3PK1057,CEN,8
8PK1475,CEN,4
6PK1181,CEN,10
6PK1181,MOS,2
K044537,CEN,6
4PK775,CEN,8
K045521,CEN,8
6PK708,CEN,11
KTB373,CEN,16
KTB360,CEN,24
K045649,CEN,4
K045649,MOS,1
94143,CEN,21
5PK1585,CEN,23
KTB408,CEN,16
KTB408,MOS,2
7PK1285,CEN,9
K024397,CEN,13
K024397,MOS,1
4PK1345,CEN,10
KTB138,CEN,15
KTB138,MOS,1
KTB574,CEN,8
KTB574,MOS,2
4PK874,CEN,7
6PK1458,CEN,9
7PK2048,CEN,4
7PK2048,MOS,1
6PK1297,CEN,17
95685,CEN,12
K035572,CEN,10
6PK1622,CEN,14
KTB329,CEN,9
KTB329,MOS,1
6PK1373,CEN,8
6PK1373,MOS,1
6PK1798,CEN,5
5PK2008,CEN,17
5PK2008,MOS,1
CT909,CEN,14
CT735,CEN,15
CT735,MOS,1
CT740,CEN,13
91874,CEN,11
K045557,CEN,23
K045557,MOS,4
7PK1145,CEN,13
7PK1145,MOS,2
6PK1060,CEN,7
6PK1520,CEN,6
4PK830,CEN,5
4PK830,MOS,1
CT793,CEN,8
5PK1515,CEN,5
7PK1904,CEN,7
7PK1904,MOS,1
K042529,CEN,11
K042529,MOS,2
94391,CEN,6
K055446,CEN,3
KTB542,CEN,6
4PK1066,CEN,16
5PK1934,CEN,14
KTB444,CEN,8
CT1094,CEN,17
5PK1149,CEN,27
KTB494,CEN,2
5PK862,CEN,24
5PK862,MOS,4
6PK1548,MOS,1
CT996,CEN,2
KTB486,CEN,12
KTB486,MOS,1
5PK1206,CEN,6
5PK1094,CEN,25
CT1146,CEN,8
CT1146,MOS,1
5PK1562,CEN,11
K050524,CEN,4
CT1083,CEN,12
CT1083,MOS,2
6PK2162,CEN,13
6PK2162,MOS,1
KTB454,CEN,5
KTB454,MOS,1
8PK1459,CEN,6
K019620,CEN,7
7PK1321,CEN,7
CT846,CEN,2
CT846,MOS,1
KTB301,CEN,15
KTB301,MOS,2
4PK740,CEN,14
4PK740,MOS,3
94202,CEN,14
K055632,CEN,8
8PK1269,CEN,9
8PK1269,MOS,2
KTB558,CEN,7
94953,CEN,13
94953,MOS,2
7PK937,CEN,12
CT892,CEN,27
CT892,MOS,4
4PK1503,CEN,4
4PK1503,MOS,1
4PK1374,CEN,16
4PK1374,MOS,2
CT828,CEN,12
7PK1467,CEN,3
4PK1690,CEN,16
6PK1101,CEN,8
CT934,CEN,6
7PK1931,CEN,5
5PK1332,CEN,2
6PK1107,CEN,20
6PK1151,CEN,30
KTB638,CEN,16
KTB638,MOS,3
92275,CEN,25
K049630,CEN,30
K051323,CEN,13
K051323,MOS,3
KTB523,CEN,34
KTB523,MOS,6
K056518,CEN,3
K056518,MOS,1
5PK954,CEN,17
6PK1719,CEN,11
KTB406,CEN,2
KTB417,CEN,11
KTB417,MOS,1
92657,CEN,5
8PK1869,CEN,4
CT824,CEN,13
6PK1185,CEN,7
K027433,CEN,11
KTB889,CEN,20
KTB889,MOS,3
KTB621,CEN,6
MOT5W30410,CEN,16
MOT5W30410,MOS,3
SHE10W40146,CEN,13
SHE10W40819,CEN,18
YPF25W60228,CEN,10
CAS5W40943,CEN,1
SHE15W40829,CEN,12
SHE15W40829,MOS,3
MOT5W30846,CEN,10
YPF5W40301,CEN,24
CAS15W40399,CEN,9
MOT10W4078,CEN,6
TOT15W4060,CEN,6
TOT15W4060,MOS,1
CAS5W40415,CEN,12
CAS5W40415,MOS,3
CAS5W30891,CEN,8
CAS5W4027,CEN,16
SHE10W4056,CEN,14
VAL20W50968,CEN,5
CAS5W40183,CEN,11
YPF25W60893,CEN,9
SHE5W40761,CEN,7
VAL5W30456,CEN,8
VAL5W30178,CEN,7
MOT25W60733,CEN,11
MOT25W60733,MOS,2
CAS10W40508,CEN,18
CAS10W40508,MOS,2
VAL5W30826,CEN,6
VAL5W30826,MOS,1
YPF15W40797,CEN,4
CAS5W40435,CEN,6
CAS25W60911,CEN,9
CAS20W50456,CEN,19
CAS15W40452,CEN,10
CAS15W40452,MOS,2
TOT15W4095,CEN,13
VAL5W40994,CEN,1
MOT15W40715,CEN,1
TOT25W60769,CEN,10
MOT5W30351,CEN,9
MOT5W30351,MOS,2
CAS5W30682,CEN,10
CAS5W30682,MOS,2
SHE25W60455,CEN,7
CAS5W40107,CEN,13
VAL25W60946,CEN,10
VAL25W60946,MOS,2
SHE15W40850,CEN,11
SHE15W40850,MOS,2
VAL10W4039,CEN,2
VAL10W4039,MOS,1
VAL15W40401,CEN,19
VAL15W40401,MOS,1
YPF25W60482,CEN,9
YPF25W60482,MOS,1
CAS15W40303,CEN,17
VAL5W40341,CEN,5
VAL5W40341,MOS,1
TOT15W40514,CEN,7
SHE15W40577,CEN,11
SHE15W40577,MOS,2
SHE10W40173,CEN,2
MOT5W3030,CEN,8
VAL10W40479,CEN,12
VAL10W40479,MOS,2
YPF20W50707,CEN,4
SHE5W40159,CEN,14
VAL15W40142,CEN,11
SHE20W50321,CEN,11
SHE20W50321,MOS,1
TOT10W40604,CEN,7
MOT10W40328,CEN,21
CAS25W6088,CEN,8
CAS25W6088,MOS,2
VAL10W40562,CEN,11
CAS5W30628,CEN,2
CAS5W30628,MOS,1
TOT5W4054,CEN,8
CAS20W50607,CEN,2
CAS20W50607,MOS,1
MOT5W30357,CEN,6
MOT5W30357,MOS,1
YPF5W30156,CEN,9
CAS15W40534,CEN,8
CAS15W40534,MOS,1
MOT20W50467,CEN,2
MOT20W50467,MOS,1
SHE10W4019,CEN,7
SHE10W4019,MOS,1
VAL5W30205,CEN,15
VAL5W30205,MOS,1
CAS15W40412,CEN,15
CAS10W40472,CEN,15
SHE5W30259,CEN,11
SHE5W30259,MOS,1
YPF5W30246,CEN,6
YPF20W50720,CEN,16
CAS15W4037,CEN,8
TOT25W60161,CEN,24
MOT25W60356,CEN,10
MOT25W60356,MOS,1
SHE15W40591,CEN,11
SHE15W40591,MOS,2
YPF10W40690,CEN,11
TOT20W50960,CEN,9
TOT20W50960,MOS,1
SHE5W3070,CEN,22
YPF25W60302,CEN,15
MOT20W5020,CEN,16
VAL5W4032,CEN,8
VAL5W4032,MOS,2
YPF10W40546,CEN,7
YPF10W40546,MOS,1
VAL25W60933,CEN,9
VAL25W60933,MOS,2
YPF15W40687,CEN,13
YPF15W40687,MOS,3
TOT15W40612,CEN,11
MOT15W40975,CEN,3
SHE5W30966,CEN,12
SHE5W30966,MOS,1
MOT5W30735,CEN,16
MOT5W30735,MOS,2
MOT10W40112,CEN,11
SHE20W50656,CEN,11
YPF5W40894,CEN,11
YPF5W40894,MOS,1
MOT5W30291,CEN,6
MOT5W30291,MOS,1
YPF25W60110,CEN,2
YPF25W60110,MOS,1
CAS10W40497,CEN,1
SHE5W30153,CEN,5
VAL5W3046,CEN,17
YPF5W40812,CEN,20
YPF5W40812,MOS,5
CAS5W30861,CEN,11
SHE5W40228,CEN,21
SHE5W40228,MOS,4
MOT15W40230,CEN,18
VAL20W50130,CEN,9
CAS10W40722,CEN,1
SHE5W40765,CEN,15
VAL15W40820,CEN,10
VAL15W40820,MOS,2
VAL10W40829,CEN,1
YPF5W40931,CEN,11
SHE25W60503,CEN,12
MOT5W30309,CEN,24
VAL20W50704,CEN,17
YPF20W50590,CEN,5
YPF20W50590,MOS,1
YPF10W40407,CEN,8
TOT15W40333,CEN,9
VAL10W4062,CEN,7
DPH8281,CEN,8
WO8370,CEN,4
WO8370,MOS,1
VB-1179,CEN,12
VB-1179,MOS,1
WO6093,CEN,5
WO6093,MOS,1
CT17000,CEN,10
VB-3286,CEN,3
WO9981,CEN,17
DPH8597,CEN,14
DPH8597,MOS,2
VB-1288,CEN,2
JFC303,CEN,7
CT10000,CEN,16
WO2063,CEN,5
CT11000,CEN,2
CT11000,MOS,1
CT20000,CEN,8
VB-2311,CEN,8
VB-2311,MOS,2
CT14000,CEN,4
WO8086,CEN,9
DPH7906,CEN,11
DPH7896,CEN,9
DPH8941,CEN,14
WO2159,CEN,4
WO2159,MOS,1
DPH8715,CEN,15
VB-1703,CEN,7
JFC701,CEN,12
DPH8407,CEN,6
JFC218,CEN,3
DPH1107,CEN,13
DPH1107,MOS,3
CT13000,CEN,13
DPH1429,CEN,5
VB-4525,CEN,2
VB-4525,MOS,1
WO7646,CEN,2
JFC961,CEN,6
CT15000,CEN,8
DPH3327,CEN,10
WO2852,CEN,14
WO2291,CEN,7
DPH4083,CEN,7
JFC623,CEN,12
JFC623,MOS,3
JFC342,CEN,6
JFC342,MOS,1
DPH3374,CEN,12
DPH8424,CEN,5
WO1296,CEN,5
WO1296,MOS,1
WO7378,CEN,5
WO7378,MOS,1
DPH2835,CEN,5
CT16000,CEN,4
JFC552,CEN,7
VB-3156,CEN,23
DPH8010,CEN,10
VB-3778,CEN,1
DPH3719,CEN,1
JFC192,CEN,11
JFC192,MOS,2
VB-2547,CEN,6
VB-2547,MOS,1
VB-1494,CEN,6
VB-1494,MOS,1
VB-3819,CEN,5
WO4164,CEN,10
VB-3709,CEN,8
VB-1450,CEN,3
VB-4187,CEN,14
VB-4187,MOS,3
JFC599,CEN,4
VB-4014,CEN,23
VB-4014,MOS,1
DPH4847,CEN,2
VB-3841,CEN,4
VB-3841,MOS,1
DPH2758,CEN,12
DPH2758,MOS,1
VB-1010,CEN,3
JFC131,CEN,15
VB-3540,CEN,13
DPH7928,CEN,5
VB-4641,CEN,9
DPH9700,CEN,8
DPH9700,MOS,2
WO9608,CEN,9
DPH4232,CEN,14
DPH8971,CEN,8
VB-2636,CEN,3
VB-2636,MOS,1
JFC744,CEN,11
WO3847,CEN,5
JFC199,CEN,1
VB-2508,CEN,5
WO2656,CEN,5
VB-1514,CEN,7
DPH3983,CEN,13
DPH3983,MOS,3
JFC972,CEN,20
JFC972,MOS,3
VB-4955,CEN,3
CT18000,CEN,5
DPH8530,CEN,7
VB-3130,CEN,32
DPH1415,CEN,4
JFC373,CEN,11
VB-1156,CEN,2
VB-2353,CEN,1
VB-1131,CEN,11
VB-1131,MOS,1
VB-2731,CEN,4
JFC397,CEN,12
JFC397,MOS,1
JFC257,CEN,3
WO9304,CEN,16
JFC677,CEN,11
WO7408,CEN,12
WO7408,MOS,1
VB-3375,CEN,7
VB-3375,MOS,1
VB-4528,CEN,3
DPH1022,CEN,7
DPH1022,MOS,1
WO9665,CEN,21
CT19000,CEN,13
JFC883,CEN,14
DPH7021,CEN,16
JFC684,CEN,1
DPH2121,CEN,13
DPH2121,MOS,3
DPH1333,CEN,7
DPH1333,MOS,1
JFC449,CEN,15
JFC449,MOS,1
DPH7091,CEN,7
DPH7132,CEN,4
48665,CEN,1
48665,MOS,1
H11-12V,CEN,7
12801,CEN,3
12801,MOS,1
H3-12V,CEN,26
H1-12V,CEN,3
H1-12V,MOS,1
48250,CEN,12
12287,CEN,11
48694,CEN,1
48694,MOS,1
48562,CEN,10
48562,MOS,1
64186,CEN,3
64186,MOS,1
48561,CEN,10
12455,CEN,11
12625,CEN,12
64210,CEN,7
12811,CEN,10
12811,MOS,2
48406,CEN,6
48406,MOS,1
48434,CEN,22
48434,MOS,5
12491,CEN,12
48616,CEN,16
48796,CEN,11
48685,CEN,12
48685,MOS,1
12602,CEN,18
48767,CEN,18
48848,CEN,22
48848,MOS,4
12652,CEN,22
48175,CEN,73
48175,MOS,3
48340,CEN,11
12512,CEN,1
12611,CEN,13
48772,CEN,13
48772,MOS,2
48399,CEN,4
48399,MOS,1
48042,CEN,10
48374,CEN,7
48318,CEN,16
48318,MOS,2
12849,CEN,20
64184,CEN,15
48904,CEN,9
48904,MOS,2
48393,CEN,18
48393,MOS,3
12473,CEN,10
12473,MOS,1
12629,CEN,61
64180,CEN,15
64180,MOS,2
48667,CEN,18
48667,MOS,1
48870,CEN,11
48344,CEN,24
48344,MOS,3
64189,CEN,1
64189,MOS,1
64214,CEN,12
12818,CEN,8
12818,MOS,2
48623,CEN,12
64169,CEN,31
64169,MOS,5
64177,CEN,9
64177,MOS,1
48330,CEN,4
48330,MOS,1
48994,CEN,10
48601,CEN,1
48601,MOS,1
64170,CEN,14
12898,CEN,11
64188,CEN,28
64188,MOS,3
48489,CEN,9
12882,CEN,24
12882,MOS,1
48988,CEN,8
12373,CEN,10
48471,CEN,9
64190,CEN,6
64178,CEN,9
48919,CEN,36
64211,CEN,25
48720,CEN,25
64166,CEN,6
48733,CEN,7
48733,MOS,1
48438,CEN,22
48909,CEN,51
48281,CEN,7
64204,CEN,12
48763,CEN,7
12305,CEN,25
12798,CEN,20
48182,CEN,68
48182,MOS,14
48299,CEN,21
48299,MOS,1
48505,CEN,30
48505,MOS,4
48329,CEN,11
12825,CEN,57
12825,MOS,12
48143,CEN,5
12316,CEN,17
12316,MOS,4
64199,CEN,90
64199,MOS,11
64151,CEN,14
64151,MOS,1
12782,CEN,9
12782,MOS,1
12680,CEN,4
12266,CEN,47
64179,CEN,16
12440,CEN,5
64159,CEN,13
64159,MOS,2
48327,CEN,1
48323,CEN,20
64215,CEN,1
48894,CEN,8
48349,CEN,9
48072,CEN,24
48287,CEN,62
48649,CEN,11
48649,MOS,2
64197,CEN,8
48304,CEN,15
64205,CEN,10
12454,CEN,44
12454,MOS,11
12531,CEN,10
64165,CEN,8
64165,MOS,1
48083,CEN,14
48083,MOS,2
48227,CEN,24
48227,MOS,3
48090,CEN,16
48090,MOS,3
48735,CEN,17
48996,CEN,6
48996,MOS,1
12387,CEN,12
48657,CEN,80
806614,CEN,8
806614,MOS,1
824076,CEN,9
3000280228,CEN,2
805095,CEN,10
815549,CEN,7
3000580995,CEN,5
826172,CEN,11
3000636172,CEN,12
CV2545,CEN,9
3000577399,CEN,5
3000577399,MOS,1
CV8977,CEN,3
CV8977,MOS,1
627175800,CEN,7
627175800,MOS,1
3000685351,CEN,6
801227,CEN,4
801227,MOS,1
CV9758,CEN,10
818669,CEN,13
818669,MOS,1
3000177945,CEN,13
CV4093,CEN,16
CV4093,MOS,4
CV2083,CEN,7
CV7537,CEN,6
3000984472,CEN,6
CV4543,CEN,12
3000518550,CEN,8
3000518550,MOS,1
805930,CEN,8
CV3102,MOS,1
3000147270,CEN,5
3000524772,CEN,10
3000398383,CEN,7
3000398383,MOS,1
808315,CEN,4
824575,CEN,1
824575,MOS,1
650266500,CEN,7
664297100,CEN,12
661135000,CEN,14
624298400,CEN,4
CV2643,CEN,8
813430,CEN,16
3000624444,CEN,6
CV2757,CEN,6
CV6217,CEN,1
804271,CEN,8
649376400,CEN,7
649376400,MOS,1
CV8430,CEN,6
802915,CEN,10
3000800626,CEN,8
646150700,CEN,5
CV5979,CEN,16
CV5979,MOS,3
817260,CEN,9
817260,MOS,2
3000277655,CEN,4
3000277655,MOS,1
3000364265,CEN,5
646185600,CEN,6
CV8395,CEN,12
646375600,CEN,5
646375600,MOS,1
819229,CEN,12
819229,MOS,3
CV4261,CEN,5
3000531849,CEN,3
817168,CEN,4
817168,MOS,1
CV2753,CEN,6
CV7704,CEN,12
3000642338,CEN,14
3000227217,CEN,1
639196700,CEN,10
3000817557,CEN,11
647164600,CEN,6
647164600,MOS,1
CV3020,CEN,14
824382,CEN,3
824382,MOS,1
CV8524,CEN,2
CV9396,CEN,2
CV9396,MOS,1
CV1707,CEN,7
812453,CEN,6
CV9827,CEN,11
811856,CEN,12
811856,MOS,1
813267,CEN,5
813267,MOS,1
822403,CEN,12
822403,MOS,3
CV9562,CEN,5
824098,CEN,6
824098,MOS,1
3000663288,CEN,8
3000284895,CEN,10
640137100,CEN,8
642243800,CEN,4
629239600,CEN,10
816911,CEN,12
CV7287,CEN,11
CV7287,MOS,1
3000603104,CEN,5
3000603104,MOS,1
655260100,CEN,12
641116700,CEN,1
641116700,MOS,1
3000981390,CEN,8
3000981390,MOS,2
CV1289,CEN,3
3000751397,CEN,11
3000204585,CEN,4
3000204585,MOS,1
826825,CEN,6
CV3753,CEN,11
CV3753,MOS,2
CV4336,CEN,5
CV4336,MOS,1
3118,CEN,1
CV3758,CEN,14
CV3758,MOS,1
CV8697,CEN,15
CV9658,CEN,10
CV7296,CEN,10
GDB1391,CEN,12
2933,CEN,15
GDB1023,CEN,2
1044,CEN,10
CV2501,CEN,3
CV2501,MOS,1
3807,CEN,3
JTE908,CEN,14
JTE908,MOS,1
JTE392,CEN,5
JTE116,CEN,9
JTE881,CEN,5
3566,CEN,15
GDB1268,CEN,7
CV7517,CEN,14
GDB1938,CEN,22
CV6634,CEN,22
CV6634,MOS,1
JTE213,CEN,15
CV8354,CEN,5
JTE515,CEN,6
CV7665,CEN,7
CV7665,MOS,1
3036,CEN,14
2316,CEN,14
CV6684,CEN,5
1721,CEN,21
GDB1825,CEN,14
3365,CEN,7
3365,MOS,1
1003,CEN,14
1003,MOS,3
3967,CEN,4
CV9523,CEN,12
CV9523,MOS,1
4871,CEN,7
JTE298,CEN,4
CV2961,CEN,11
CV5767,CEN,7
3120,CEN,5
3120,MOS,1
CV7917,CEN,12
CV6313,CEN,13
CV6313,MOS,2
CV2858,CEN,1
CV2858,MOS,1
CV9387,CEN,18
CV9387,MOS,2
GDB1853,CEN,39
GDB1853,MOS,2
CV4088,CEN,15
CV4088,MOS,1
1307,CEN,11
1307,MOS,1
CV1113,CEN,21
CV1113,MOS,1
2772,CEN,10
CV2619,CEN,13
CV2619,MOS,2
CV4841,CEN,21
JTE398,CEN,11
JTE750,CEN,4
1167,CEN,4
JTE203,CEN,15
GDB1880,CEN,1
GDB1480,CEN,8
JTE417,CEN,13
JTE417,MOS,3
GDB1051,CEN,9
GDB1051,MOS,1
CV9567,CEN,8
CV1448,CEN,8
CV9138,CEN,27
JTE999,CEN,11
1919,CEN,14
3668,CEN,8
GDB1203,CEN,9
2626,CEN,5
3283,CEN,18
3283,MOS,4
3950,CEN,6
3950,MOS,1
CV8703,CEN,3
CV8703,MOS,1
CV3389,CEN,7
GDB1669,CEN,1
2922,CEN,13
2406,CEN,9
2406,MOS,1
4842,CEN,11
4842,MOS,1
CV4449,CEN,14
CV4449,MOS,3
CV4974,CEN,12
JTE330,CEN,4
JTE330,MOS,1
1262,CEN,11
4877,CEN,9
CV2747,CEN,7
CV2747,MOS,1
CV8988,CEN,5
CV8988,MOS,1
CV8727,CEN,9
CV8727,MOS,1
1827,CEN,6
3688,CEN,3
CV3273,CEN,8
CV3273,MOS,2
CV8652,CEN,7
CV3705,CEN,5
CV3705,MOS,1
CV5694,CEN,12
CV5694,MOS,1
CV2804,CEN,2
2173,CEN,35
3773,CEN,5
4582,CEN,4
CV7007,CEN,5
21343,CEN,7
3059,CEN,8
3059,MOS,2
22338,CEN,21
22338,MOS,5
27822,CEN,19
27822,MOS,2
27362,CEN,5
23409,CEN,8
2660,CEN,9
23558,CEN,17
4213,CEN,19
4213,MOS,3
28370,CEN,18
24173,CEN,10
24173,MOS,2
3649,CEN,18
3649,MOS,4
25079,CEN,5
4658,CEN,10
24554,CEN,7
3684,CEN,7
24903,CEN,12
3817,CEN,15
3817,MOS,3
2315,CEN,5
2315,MOS,1
23527,CEN,6
2571,CEN,24
2571,MOS,2
25819,CEN,15
20482,CEN,19
20482,MOS,1
2076,CEN,12
4451,CEN,28
24171,CEN,17
2823,CEN,7
22648,CEN,21
22648,MOS,2
24474,CEN,16
24474,MOS,3
29417,CEN,10
29417,MOS,2
3546,CEN,1
24937,CEN,5
3782,CEN,6
3782,MOS,1
29622,CEN,18
29622,MOS,4
26236,CEN,12
26236,MOS,2
29392,CEN,13
29392,MOS,2
4967,CEN,36
4967,MOS,4
21323,CEN,1
21323,MOS,1
27010,MOS,1
23637,CEN,11
3270,CEN,1
4343,CEN,3
4343,MOS,1
22138,CEN,4
22138,MOS,1
4220,CEN,16
3095,CEN,16
3095,MOS,1
24266,CEN,11
24266,MOS,1
27336,CEN,7
27336,MOS,1
20614,CEN,2
4827,CEN,67
4827,MOS,8
3602,CEN,26
4004,CEN,1
3324,CEN,7
3180,CEN,10
3180,MOS,1
22433,CEN,12
22433,MOS,3
4043,CEN,4
4043,MOS,1
28534,CEN,14
29600,CEN,23
3410,CEN,16
25087,CEN,2
25087,MOS,1
4821,MOS,1
23592,CEN,13
23592,MOS,1
2954,CEN,12
2954,MOS,1
2550,CEN,15
25801,CEN,15
25801,MOS,2
27385,CEN,1
21090,CEN,5
3375,CEN,12
3375,MOS,2
2536,CEN,5
3008,CEN,12
3008,MOS,1
4020,CEN,8
27072,CEN,16
3419,CEN,12
3419,MOS,3
23890,CEN,7
6041-2RS,CEN,12
DPA7057,CEN,8
DPA7057,MOS,2
CV2761,CEN,15
DPA9182,CEN,11
DPA9182,MOS,1
CV9631,CEN,17
CV9631,MOS,1
DPA6177,CEN,5
DPA6177,MOS,1
DPA9390,CEN,9
DPA9390,MOS,2
DPA9638,CEN,12
DPA5600,CEN,7
DPA5600,MOS,1
6096-2RS,CEN,8
DPA9261,CEN,10
6272-2RS,CEN,3
6272-2RS,MOS,1
VKM12159,CEN,1
CV9391,CEN,5
CV7323,CEN,9
6270-2RS,CEN,6
DPA1677,CEN,11
DPA2712,CEN,23
DPA4248,CEN,1
CV6737,CEN,7
CV1654,CEN,20
DPA2037,CEN,11
DPA2037,MOS,1
6161-2RS,CEN,8
6161-2RS,MOS,1
VKM11715,CEN,10
6200-2RS,CEN,3
DPA7285,CEN,5
DPA7285,MOS,1
DPA8174,CEN,7
DPA9054,CEN,10
DPA9477,CEN,6
DPA9477,MOS,1
VKBA3632,CEN,14
6316-2RS,CEN,8
CV7981,CEN,12
VKM12593,CEN,12
VKM12593,MOS,2
6090-2RS,CEN,10
6090-2RS,MOS,1
DPA1556,CEN,4
CV7767,CEN,7
CV7987,CEN,10
CV5771,CEN,1
CV3514,CEN,9
VKBA3674,CEN,12
DPA3065,CEN,8
VKM12290,CEN,7
CV2023,CEN,12
VKBA3609,CEN,16
VKBA3465,CEN,6
VKBA3465,MOS,1
VKBA3664,CEN,19
DPA8556,CEN,3
VKBA3622,CEN,11
VKBA3622,MOS,1
CV7934,CEN,1
CV8765,CEN,11
CV8765,MOS,1
DPA4586,CEN,19
DPA1996,CEN,6
DPA1996,MOS,1
DPA1934,CEN,6
CV8329,CEN,12
CV8329,MOS,3
DPA7208,CEN,11
DPA1481,CEN,11
DPA8638,CEN,16
DPA8638,MOS,2
CV8725,CEN,5
CV8725,MOS,1
VKBA3418,CEN,8
DPA3183,CEN,10
DPA3183,MOS,2
DPA5114,CEN,7
DPA1884,CEN,6
DPA6490,CEN,19
CV5546,CEN,1
CV3306,CEN,23
CV3306,MOS,5
CV4324,CEN,6
6179-2RS,CEN,18
6179-2RS,MOS,3
6290-2RS,CEN,16
6290-2RS,MOS,1
VKM13390,CEN,16
CV5153,CEN,4
CV9107,CEN,5
CV9107,MOS,1
DPA3050,CEN,6
DPA2179,CEN,12
DPA2179,MOS,2
DPA3786,CEN,2
DPA2595,CEN,18
DPA2595,MOS,4
